,CUST OCCU,SALARY,BPKB NAME,Harga Motor,SPOUSE SALARY,BIRTH DATE,ANGSURAN,GROUP OVERDUE DAYS
0,PETANI,3000000.0,DIFFERENT,6300000,1000000.0,54,344000,c) 1-30
1,PEDAGANG,5000000.0,SAME,6600000,2000000.0,47,393000,a) LANCAR
2,Pegawai Negeri Sipil,5000000.0,SAME,7000000,750000.0,35,560000,c) 1-30
3,PEDAGANG,3000000.0,DIFFERENT,4200000,,25,308000,c) 1-30
4,BURUH/PRT,2500000.0,DIFFERENT,4500000,1200000.0,48,362000,c) 1-30
5,JASA,5000000.0,DIFFERENT,4700000,1500000.0,56,385000,c) 1-30
6,PEDAGANG,4500000.0,SAME,15200000,,31,994000,c) 1-30
7,JASA,4000000.0,DIFFERENT,7000000,2000000.0,44,343000,c) 1-30
8,PEGAWAI SWASTA,3500000.0,DIFFERENT,13500000,,29,520000,c) 1-30
9,JASA,4000000.0,DIFFERENT,13000000,2000000.0,44,628000,c) 1-30
10,JASA,6000000.0,DIFFERENT,8800000,1000000.0,26,475000,a) LANCAR
11,PETERNAK,5000000.0,DIFFERENT,6800000,1000000.0,35,393000,a) LANCAR
12,SOPIR/PENGEMUDI,4000000.0,DIFFERENT,18900000,1500000.0,40,788000,a) LANCAR
13,PEGAWAI SWASTA,3000000.0,DIFFERENT,11600000,,23,588000,a) LANCAR
14,PEGAWAI SWASTA,4000000.0,DIFFERENT,10500000,1000000.0,42,651000,a) LANCAR
15,JASA,4000000.0,DIFFERENT,8600000,1000000.0,44,613000,a) LANCAR
16,PEDAGANG,4400000.0,DIFFERENT,16800000,,52,1205000,a) LANCAR
17,PEGAWAI SWASTA,4500000.0,DIFFERENT,9000000,,29,629000,a) LANCAR
18,PEGAWAI SWASTA,4500000.0,DIFFERENT,10900000,1000000.0,49,523000,a) LANCAR
19,JASA,2500000.0,DIFFERENT,4200000,1000000.0,60,308000,a) LANCAR
20,PEDAGANG,4500000.0,DIFFERENT,4300000,,27,354000,a) LANCAR
21,PEDAGANG,3000000.0,DIFFERENT,5800000,1000000.0,47,401000,a) LANCAR
22,BURUH/PRT,3500000.0,DIFFERENT,6000000,,35,411000,a) LANCAR
23,PETANI,2000000.0,DIFFERENT,5200000,1000000.0,48,401000,a) LANCAR
24,SENIMAN,2500000.0,DIFFERENT,7900000,2000000.0,43,393000,a) LANCAR
25,PEGAWAI SWASTA,5000000.0,SAME,5600000,,25,384000,a) LANCAR
26,JASA,4500000.0,DIFFERENT,7000000,1500000.0,26,393000,a) LANCAR
27,PEGAWAI SWASTA,2300000.0,SAME,12100000,,25,393000,a) LANCAR
28,BURUH/PRT,4000000.0,DIFFERENT,6000000,1500000.0,47,452000,a) LANCAR
29,PEGAWAI SWASTA,3500000.0,DIFFERENT,9800000,,22,475000,a) LANCAR
30,PEGAWAI SWASTA,4500000.0,DIFFERENT,7000000,,42,390000,a) LANCAR
31,PEDAGANG,5000000.0,DIFFERENT,6500000,,45,362000,a) LANCAR
32,PETANI,3000000.0,SAME,8300000,4000000.0,54,702000,a) LANCAR
33,APARATUR PEMERINTAH,4500000.0,DIFFERENT,13900000,,54,1137000,d) 31-60
34,PEDAGANG,4000000.0,DIFFERENT,5000000,900000.0,38,441000,a) LANCAR
35,PETANI,4500000.0,SAME,6700000,1500000.0,43,520000,a) LANCAR
36,PEDAGANG,4000000.0,DIFFERENT,14000000,,28,439000,a) LANCAR
37,JASA,3000000.0,DIFFERENT,5600000,1000000.0,28,439000,a) LANCAR
38,JASA,3000000.0,DIFFERENT,6500000,1200000.0,39,353000,a) LANCAR
39,PETANI,4000000.0,DIFFERENT,4400000,1250000.0,39,354000,a) LANCAR
40,PEDAGANG,5000000.0,DIFFERENT,9700000,1300000.0,26,393000,a) LANCAR
41,PEDAGANG,4000000.0,DIFFERENT,11800000,1500000.0,44,645000,a) LANCAR
42,Pelajar/Mahasiswa,4000000.0,DIFFERENT,5300000,,22,411000,a) LANCAR
43,SOPIR/PENGEMUDI,3000000.0,SAME,18100000,1500000.0,36,634000,a) LANCAR
44,PEGAWAI SWASTA,2800000.0,DIFFERENT,5000000,1400000.0,41,362000,a) LANCAR
45,JASA,3500000.0,SAME,9500000,,48,533000,a) LANCAR
46,PEGAWAI SWASTA,2800000.0,DIFFERENT,9000000,1400000.0,25,520000,a) LANCAR
47,JASA,4000000.0,DIFFERENT,5300000,1500000.0,45,311000,a) LANCAR
48,GURU/PENDIDIKAN,6300000.0,SAME,4300000,1000000.0,44,308000,a) LANCAR
49,PEGAWAI SWASTA,4500000.0,DIFFERENT,11800000,,39,748000,a) LANCAR
50,PEDAGANG,4000000.0,DIFFERENT,7700000,900000.0,39,507000,c) 1-30
51,PEDAGANG,4000000.0,SAME,7400000,1000000.0,42,635000,a) LANCAR
52,PETANI,4500000.0,SAME,5500000,1000000.0,37,444000,c) 1-30
53,BURUH/PRT,2500000.0,DIFFERENT,10700000,,39,411000,a) LANCAR
54,Karyawan Swasta,4000000.0,DIFFERENT,9000000,0.0,54,613000,a) LANCAR
55,BURUH/PRT,4000000.0,DIFFERENT,12200000,1200000.0,42,645000,a) LANCAR
56,BURUH/PRT,5000000.0,DIFFERENT,8200000,1250000.0,25,422000,c) 1-30
57,PETERNAK,5000000.0,DIFFERENT,15800000,1300000.0,35,911000,c) 1-30
58,PEDAGANG,4500000.0,DIFFERENT,7400000,1000000.0,24,426000,c) 1-30
59,PEDAGANG,2500000.0,DIFFERENT,7000000,,32,393000,a) LANCAR
60,JASA,6000000.0,SAME,15000000,1000000.0,46,965000,c) 1-30
61,PETANI,2500000.0,DIFFERENT,10600000,900000.0,52,761000,c) 1-30
62,PEDAGANG,4500000.0,DIFFERENT,8600000,2000000.0,29,583000,a) LANCAR
63,PEDAGANG,2500000.0,DIFFERENT,4300000,,24,354000,a) LANCAR
64,PETANI,2000000.0,DIFFERENT,5300000,,27,362000,d) 31-60
65,JASA,4000000.0,SAME,8700000,1000000.0,44,475000,a) LANCAR
66,BURUH/PRT,3500000.0,DIFFERENT,15700000,1000000.0,35,629000,a) LANCAR
67,LAIN-LAIN,3500000.0,DIFFERENT,11100000,900000.0,39,312000,a) LANCAR
68,PEGAWAI SWASTA,4500000.0,DIFFERENT,13200000,,23,645000,a) LANCAR
69,PEDAGANG,4000000.0,DIFFERENT,10900000,,37,308000,a) LANCAR
70,PEGAWAI SWASTA,3500000.0,DIFFERENT,4900000,,28,385000,a) LANCAR
71,PEDAGANG,3500000.0,DIFFERENT,6000000,900000.0,27,336000,a) LANCAR
72,PEGAWAI SWASTA,4500000.0,DIFFERENT,6500000,1000000.0,33,515000,a) LANCAR
73,PEDAGANG,3500000.0,DIFFERENT,8600000,,38,769000,a) LANCAR
74,BURUH/PRT,4500000.0,DIFFERENT,9000000,2000000.0,49,1095000,a) LANCAR
75,PEDAGANG,2500000.0,DIFFERENT,8600000,,23,533000,a) LANCAR
76,PEDAGANG,2000000.0,DIFFERENT,9500000,1000000.0,31,523000,a) LANCAR
77,PEDAGANG,3000000.0,DIFFERENT,3800000,,23,308000,a) LANCAR
78,PETANI,4000000.0,DIFFERENT,4000000,1100000.0,39,301000,a) LANCAR
79,BURUH/PRT,2500000.0,DIFFERENT,7000000,1000000.0,32,393000,a) LANCAR
80,PEGAWAI SWASTA,5000000.0,DIFFERENT,9800000,1600000.0,35,615000,a) LANCAR
81,PEGAWAI SWASTA,5000000.0,DIFFERENT,10700000,1000000.0,36,809000,a) LANCAR
82,GURU/PENDIDIKAN,3500000.0,DIFFERENT,9400000,1750000.0,36,509000,a) LANCAR
83,PEGAWAI SWASTA,4500000.0,SAME,7600000,,31,560000,a) LANCAR
84,PEDAGANG,4500000.0,DIFFERENT,10700000,1500000.0,49,564000,a) LANCAR
85,JASA,2500000.0,SAME,6800000,,56,466000,a) LANCAR
86,PETANI,5000000.0,SAME,6700000,1000000.0,54,507000,a) LANCAR
87,PEGAWAI NEGERI/BUMN,5500000.0,DIFFERENT,9200000,2500000.0,41,507000,a) LANCAR
88,PEGAWAI SWASTA,5000000.0,DIFFERENT,4800000,1600000.0,38,362000,a) LANCAR
89,PEDAGANG,3500000.0,DIFFERENT,7000000,,56,393000,a) LANCAR
90,JASA,3500000.0,DIFFERENT,9600000,900000.0,41,523000,a) LANCAR
91,BURUH/PRT,3500000.0,DIFFERENT,20200000,1500000.0,42,941000,c) 1-30
92,PEDAGANG,4000000.0,SAME,7200000,1500000.0,57,393000,a) LANCAR
93,PEDAGANG,3000000.0,DIFFERENT,5800000,1500000.0,23,344000,a) LANCAR
94,PEGAWAI SWASTA,2300000.0,DIFFERENT,9800000,,22,629000,a) LANCAR
95,BURUH/PRT,6000000.0,DIFFERENT,7000000,,27,441000,a) LANCAR
96,JASA,3500000.0,DIFFERENT,4800000,1500000.0,35,395000,a) LANCAR
97,PEDAGANG,5000000.0,DIFFERENT,6800000,1000000.0,37,411000,a) LANCAR
98,BURUH/PRT,2300000.0,DIFFERENT,12700000,,23,645000,d) 31-60
99,PEDAGANG,5000000.0,DIFFERENT,6000000,1500000.0,41,353000,a) LANCAR
100,LAIN-LAIN,4500000.0,SAME,7600000,1500000.0,41,454000,a) LANCAR
101,PEDAGANG,5500000.0,SAME,8600000,1700000.0,47,613000,a) LANCAR
102,PEDAGANG,3500000.0,DIFFERENT,4300000,,40,362000,a) LANCAR
103,PEDAGANG,3500000.0,DIFFERENT,5600000,1000000.0,43,628000,c) 1-30
104,PEGAWAI SWASTA,4500000.0,SAME,9400000,,26,354000,a) LANCAR
105,JASA,4000000.0,DIFFERENT,6500000,1000000.0,37,627000,a) LANCAR
106,PEGAWAI SWASTA,5600000.0,SAME,12700000,2500000.0,29,748000,a) LANCAR
107,PEGAWAI SWASTA,2800000.0,DIFFERENT,4300000,,42,520000,a) LANCAR
108,PEDAGANG,4500000.0,DIFFERENT,5800000,1100000.0,20,411000,a) LANCAR
109,JASA,4000000.0,DIFFERENT,6000000,1500000.0,41,332000,a) LANCAR
110,PEGAWAI SWASTA,2300000.0,DIFFERENT,3800000,800000.0,24,308000,c) 1-30
111,PEDAGANG,5500000.0,DIFFERENT,8700000,1000000.0,53,520000,a) LANCAR
112,PEDAGANG,4000000.0,DIFFERENT,9400000,1000000.0,50,507000,a) LANCAR
113,PETANI,3500000.0,DIFFERENT,9200000,1200000.0,39,434000,a) LANCAR
114,JASA,4000000.0,SAME,7200000,1500000.0,37,426000,a) LANCAR
115,LAIN-LAIN,5000000.0,SAME,13700000,,51,941000,e) 61-90
116,BURUH/PRT,3500000.0,DIFFERENT,8200000,1000000.0,25,393000,a) LANCAR
117,BURUH/PRT,5000000.0,DIFFERENT,7900000,,55,505000,a) LANCAR
118,PEGAWAI SWASTA,2900000.0,DIFFERENT,7400000,,25,533000,a) LANCAR
119,JASA,4000000.0,DIFFERENT,11200000,1000000.0,54,629000,c) 1-30
120,JASA,4000000.0,DIFFERENT,7700000,11000000.0,35,560000,a) LANCAR
121,PEDAGANG,4000000.0,DIFFERENT,6000000,900000.0,29,515000,a) LANCAR
122,PEDAGANG,3500000.0,SAME,13200000,1000000.0,49,628000,a) LANCAR
123,SOPIR/PENGEMUDI,3500000.0,DIFFERENT,9900000,1000000.0,24,698000,a) LANCAR
124,JASA,3000000.0,DIFFERENT,8600000,,39,629000,a) LANCAR
125,PEDAGANG,3000000.0,DIFFERENT,8200000,,22,308000,a) LANCAR
126,PEGAWAI SWASTA,4000000.0,DIFFERENT,9900000,,25,533000,a) LANCAR
127,PETERNAK,4500000.0,DIFFERENT,17300000,,23,1000000,a) LANCAR
128,JASA,3500000.0,SAME,4400000,900000.0,52,362000,a) LANCAR
129,PEGAWAI NEGERI/BUMN,4000000.0,DIFFERENT,3900000,1400000.0,41,322000,a) LANCAR
130,PEDAGANG,3000000.0,DIFFERENT,12700000,,26,645000,a) LANCAR
131,PEGAWAI SWASTA,4500000.0,DIFFERENT,13900000,,42,316000,a) LANCAR
132,PETANI,4500000.0,DIFFERENT,6900000,1000000.0,36,349000,a) LANCAR
133,LAIN-LAIN,4500000.0,DIFFERENT,8200000,1000000.0,52,395000,a) LANCAR
134,PETANI,3000000.0,SAME,10000000,1000000.0,45,466000,a) LANCAR
135,PEGAWAI SWASTA,4500000.0,DIFFERENT,6300000,1750000.0,52,353000,a) LANCAR
136,PEDAGANG,3000000.0,SAME,9800000,1250000.0,56,729000,a) LANCAR
137,PEDAGANG,3500000.0,SAME,14500000,1000000.0,49,520000,a) LANCAR
138,PETANI,4000000.0,DIFFERENT,8300000,900000.0,56,507000,a) LANCAR
139,PEDAGANG,3000000.0,DIFFERENT,16800000,100000.0,40,362000,a) LANCAR
140,PETANI,4000000.0,DIFFERENT,10000000,900000.0,56,507000,a) LANCAR
141,PEGAWAI SWASTA,3000000.0,DIFFERENT,6900000,800000.0,27,343000,a) LANCAR
142,LAIN-LAIN,4000000.0,DIFFERENT,5300000,,40,354000,a) LANCAR
143,Karyawan Swasta,2500000.0,DIFFERENT,6300000,250000.0,36,303000,a) LANCAR
144,PEDAGANG,4000000.0,DIFFERENT,7900000,1500000.0,41,418000,a) LANCAR
145,PEGAWAI SWASTA,4000000.0,SAME,27500000,,25,629000,a) LANCAR
146,PETANI,3000000.0,DIFFERENT,4500000,1000000.0,47,308000,a) LANCAR
147,PEDAGANG,30000000.0,DIFFERENT,13200000,,39,564000,a) LANCAR
148,LAIN-LAIN,3000000.0,SAME,6300000,1000000.0,33,362000,a) LANCAR
149,DOKTER/BIDAN/MANTRI,4000000.0,DIFFERENT,4400000,1000000.0,46,362000,a) LANCAR
150,PEDAGANG,3500000.0,SAME,18100000,,53,613000,a) LANCAR
151,PEGAWAI NEGERI/BUMN,5500000.0,DIFFERENT,11000000,2500000.0,41,454000,a) LANCAR
152,PEDAGANG,5000000.0,DIFFERENT,14700000,2000000.0,31,667000,a) LANCAR
153,PEDAGANG,3500000.0,DIFFERENT,8200000,1200000.0,38,560000,a) LANCAR
154,PETERNAK,3900000.0,DIFFERENT,14400000,1000000.0,41,613000,a) LANCAR
155,PEDAGANG,4000000.0,SAME,8500000,1000000.0,42,635000,a) LANCAR
156,PEDAGANG,5000000.0,DIFFERENT,16000000,2000000.0,31,613000,a) LANCAR
157,PEGAWAI SWASTA,3000000.0,SAME,16000000,,42,475000,a) LANCAR
158,JASA,4000000.0,DIFFERENT,11100000,900000.0,32,629000,a) LANCAR
159,PETANI,2500000.0,SAME,10600000,900000.0,38,520000,a) LANCAR
160,PEDAGANG,4000000.0,DIFFERENT,11200000,1500000.0,37,629000,a) LANCAR
161,PEDAGANG,4500000.0,DIFFERENT,12100000,1500000.0,30,564000,a) LANCAR
162,Wiraswasta,3000000.0,SAME,10000000,1500000.0,46,569000,a) LANCAR
163,LAIN-LAIN,4000000.0,DIFFERENT,14000000,2000000.0,44,729000,a) LANCAR
164,LAIN-LAIN,4500000.0,DIFFERENT,4700000,1750000.0,33,308000,a) LANCAR
165,PEDAGANG,4500000.0,SAME,11000000,1000000.0,51,579000,a) LANCAR
166,IBU RUMAH TANGGA,4000000.0,DIFFERENT,12000000,1250000.0,53,466000,a) LANCAR
167,PEGAWAI SWASTA,5000000.0,DIFFERENT,13500000,,26,507000,a) LANCAR
168,LAIN-LAIN,3500000.0,SAME,7000000,1000000.0,42,353000,a) LANCAR
169,BURUH/PRT,2000000.0,DIFFERENT,4600000,500000.0,56,301000,a) LANCAR
170,PEGAWAI SWASTA,3500000.0,DIFFERENT,11500000,1750000.0,30,525000,a) LANCAR
171,PEDAGANG,3000000.0,DIFFERENT,12900000,,26,629000,a) LANCAR
172,JASA,4000000.0,DIFFERENT,12000000,900000.0,33,502000,a) LANCAR
173,PEGAWAI SWASTA,3500000.0,DIFFERENT,8500000,900000.0,49,395000,a) LANCAR
174,LAIN-LAIN,2400000.0,DIFFERENT,8400000,1750000.0,43,344000,a) LANCAR
175,LAIN-LAIN,4000000.0,DIFFERENT,17500000,100000.0,29,645000,a) LANCAR
176,SENIMAN,3500000.0,DIFFERENT,11500000,1500000.0,39,475000,a) LANCAR
177,PEDAGANG,4000000.0,DIFFERENT,17200000,900000.0,55,411000,a) LANCAR
178,PEGAWAI NEGERI/BUMN,4000000.0,DIFFERENT,10000000,2000000.0,42,560000,a) LANCAR
179,PEGAWAI SWASTA,3800000.0,DIFFERENT,6700000,1200000.0,28,316000,a) LANCAR
180,PETANI,4000000.0,DIFFERENT,13000000,1000000.0,58,395000,a) LANCAR
181,PEGAWAI NEGERI/BUMN,5500000.0,SAME,19000000,2500000.0,43,1047000,a) LANCAR
182,PEGAWAI SWASTA,3500000.0,SAME,12000000,,24,719000,a) LANCAR
183,PETANI,2500000.0,DIFFERENT,5000000,750000.0,53,335000,a) LANCAR
184,PEDAGANG,4500000.0,DIFFERENT,10000000,1750000.0,40,574000,c) 1-30
185,LAIN-LAIN,2500000.0,DIFFERENT,10000000,1750000.0,49,560000,c) 1-30
186,PEGAWAI SWASTA,2800000.0,DIFFERENT,6500000,1200000.0,32,406000,a) LANCAR
187,PEDAGANG,3500000.0,DIFFERENT,12000000,900000.0,32,542000,c) 1-30
188,PEGAWAI NEGERI/BUMN,4000000.0,DIFFERENT,4600000,1400000.0,41,375000,a) LANCAR
189,PEDAGANG,4500000.0,SAME,15400000,,31,1110000,a) LANCAR
190,PEGAWAI SWASTA,3800000.0,SAME,12500000,1200000.0,39,748000,a) LANCAR
191,PEGAWAI SWASTA,2800000.0,DIFFERENT,4500000,,42,533000,a) LANCAR
192,JASA,4000000.0,DIFFERENT,7400000,1000000.0,37,553000,a) LANCAR
193,PENEGAK HUKUM,5000000.0,SAME,4300000,1000000.0,54,520000,a) LANCAR
194,PEDAGANG,3500000.0,DIFFERENT,12000000,,38,769000,a) LANCAR
195,BURUH/PRT,3000000.0,DIFFERENT,11500000,1200000.0,43,475000,a) LANCAR
196,PEGAWAI SWASTA,5000000.0,DIFFERENT,12000000,,26,525000,a) LANCAR
197,PEDAGANG,5000000.0,SAME,12000000,1200000.0,52,395000,a) LANCAR
198,PEDAGANG,3500000.0,DIFFERENT,6300000,1000000.0,42,395000,d) 31-60
199,PEDAGANG,3000000.0,DIFFERENT,12500000,1750000.0,44,401000,a) LANCAR
200,PEDAGANG,3500000.0,DIFFERENT,8500000,,22,401000,a) LANCAR
201,PEDAGANG,4000000.0,DIFFERENT,13000000,1000000.0,28,523000,c) 1-30
202,PEDAGANG,4500000.0,DIFFERENT,5500000,3000000.0,29,343000,a) LANCAR
203,GURU/PENDIDIKAN,5000000.0,SAME,14000000,,53,628000,a) LANCAR
204,JASA,3000000.0,DIFFERENT,14000000,1500000.0,31,596000,d) 31-60
205,PEGAWAI SWASTA,3500000.0,DIFFERENT,9300000,1500000.0,23,393000,c) 1-30
206,PETANI,3500000.0,DIFFERENT,11500000,,48,475000,a) LANCAR
207,PEDAGANG,3000000.0,DIFFERENT,8000000,,33,353000,a) LANCAR
208,IBU RUMAH TANGGA,2800000.0,DIFFERENT,13000000,1200000.0,49,629000,a) LANCAR
209,PEDAGANG,3500000.0,DIFFERENT,13000000,1750000.0,41,509000,a) LANCAR
210,PEDAGANG,4500000.0,DIFFERENT,17000000,1750000.0,43,645000,c) 1-30
211,Pelajar/Mahasiswa,4500000.0,SAME,15400000,,44,645000,c) 1-30
212,PRODUKSI,3500000.0,DIFFERENT,13500000,900000.0,49,564000,a) LANCAR
213,PRODUKSI,5000000.0,SAME,15200000,1000000.0,59,835000,a) LANCAR
214,BURUH/PRT,3800000.0,DIFFERENT,12000000,1200000.0,37,666000,c) 1-30
215,PEDAGANG,3500000.0,DIFFERENT,9000000,1200000.0,38,384000,c) 1-30
216,PETERNAK,2700000.0,DIFFERENT,5300000,1200000.0,42,341000,a) LANCAR
217,PENDIDIKAN NON FORMAL,3000000.0,DIFFERENT,10400000,1000000.0,52,442000,a) LANCAR
218,PEDAGANG,4500000.0,SAME,9300000,1500000.0,48,344000,a) LANCAR
219,PEDAGANG,3000000.0,DIFFERENT,7500000,,36,753000,a) LANCAR
220,PRODUKSI,2500000.0,SAME,16100000,1500000.0,34,645000,a) LANCAR
221,GURU/PENDIDIKAN,4800000.0,SAME,4500000,3100000.0,34,301000,f) >90
222,PEGAWAI SWASTA,3000000.0,DIFFERENT,12500000,3700000.0,46,676000,c) 1-30
223,PEDAGANG,2500000.0,DIFFERENT,12500000,2500000.0,28,475000,a) LANCAR
224,PETANI,16000000.0,DIFFERENT,5300000,,30,341000,a) LANCAR
225,PRODUKSI,4000000.0,SAME,15000000,,23,605000,a) LANCAR
226,PEGAWAI SWASTA,3500000.0,DIFFERENT,26000000,1000000.0,21,533000,a) LANCAR
227,PEDAGANG,2700000.0,DIFFERENT,12500000,1400000.0,39,788000,a) LANCAR
228,LAIN-LAIN,2800000.0,SAME,12800000,1400000.0,32,629000,a) LANCAR
229,PEDAGANG,4000000.0,SAME,12500000,,32,564000,a) LANCAR
230,PETERNAK,4500000.0,DIFFERENT,5300000,1750000.0,27,332000,a) LANCAR
231,PETANI,4500000.0,DIFFERENT,4700000,2000000.0,57,319000,a) LANCAR
232,Pelajar/Mahasiswa,5000000.0,DIFFERENT,13000000,,23,525000,a) LANCAR
233,PETANI,3500000.0,DIFFERENT,7700000,1750000.0,42,349000,a) LANCAR
234,PEDAGANG,2500000.0,DIFFERENT,6900000,1400000.0,30,312000,a) LANCAR
235,PEDAGANG,3500000.0,DIFFERENT,13500000,900000.0,52,613000,a) LANCAR
236,PETANI,3000000.0,DIFFERENT,7200000,,26,362000,a) LANCAR
237,PEDAGANG,2500000.0,SAME,5800000,1750000.0,44,396000,a) LANCAR
238,JASA,4000000.0,DIFFERENT,9000000,1500000.0,39,308000,a) LANCAR
239,PEDAGANG,2600000.0,DIFFERENT,4600000,1200000.0,25,308000,a) LANCAR
240,PEDAGANG,2500000.0,DIFFERENT,8200000,1400000.0,29,466000,a) LANCAR
241,JASA,4400000.0,DIFFERENT,13500000,,23,634000,a) LANCAR
242,PETANI,3500000.0,DIFFERENT,9700000,2000000.0,38,418000,a) LANCAR
243,JASA,3300000.0,DIFFERENT,17500000,,22,411000,a) LANCAR
244,PEDAGANG,4500000.0,DIFFERENT,10900000,2500000.0,22,454000,c) 1-30
245,PEDAGANG,3500000.0,DIFFERENT,9100000,900000.0,27,441000,c) 1-30
246,PEDAGANG,4500000.0,DIFFERENT,5400000,,27,352000,a) LANCAR
247,PETANI,3400000.0,DIFFERENT,6000000,,35,308000,a) LANCAR
248,PETANI,5000000.0,DIFFERENT,27000000,900000.0,48,933000,c) 1-30
249,PETANI,3000000.0,DIFFERENT,7700000,1000000.0,56,411000,c) 1-30
250,Wiraswasta,3000000.0,SAME,12700000,1500000.0,46,569000,a) LANCAR
251,SEWA/RENT,4900000.0,DIFFERENT,15400000,1000000.0,49,507000,c) 1-30
252,PEDAGANG,4000000.0,DIFFERENT,15000000,1000000.0,44,564000,c) 1-30
253,LAIN-LAIN,4000000.0,DIFFERENT,5300000,3000000.0,45,520000,c) 1-30
254,JASA,4500000.0,DIFFERENT,15100000,1000000.0,37,621000,c) 1-30
255,PEDAGANG,5900000.0,DIFFERENT,16800000,1000000.0,57,645000,a) LANCAR
256,PENGRAJIN TANGAN,3700000.0,DIFFERENT,22000000,1400000.0,29,1001000,a) LANCAR
257,PEGAWAI SWASTA,2400000.0,SAME,11000000,,27,353000,a) LANCAR
258,SOPIR/PENGEMUDI,4500000.0,SAME,17500000,,23,308000,c) 1-30
259,PEGAWAI SWASTA,5400000.0,SAME,22000000,1000000.0,31,1295000,a) LANCAR
260,PEDAGANG,5000000.0,DIFFERENT,7600000,1000000.0,51,341000,c) 1-30
261,BURUH/PRT,3400000.0,DIFFERENT,4700000,,37,397000,c) 1-30
262,JASA,3900000.0,DIFFERENT,9800000,1600000.0,47,651000,a) LANCAR
263,JASA,3900000.0,DIFFERENT,12500000,1000000.0,32,526000,c) 1-30
264,GURU/PENDIDIKAN,3000000.0,DIFFERENT,10000000,1750000.0,39,560000,c) 1-30
265,PEDAGANG,2800000.0,SAME,11500000,,44,543000,a) LANCAR
266,PEGAWAI SWASTA,3000000.0,DIFFERENT,15400000,,22,475000,a) LANCAR
267,APARATUR PEMERINTAH,4000000.0,SAME,12000000,1500000.0,54,520000,a) LANCAR
268,PEGAWAI SWASTA,3500000.0,SAME,16800000,1000000.0,36,605000,a) LANCAR
269,PEGAWAI SWASTA,4000000.0,SAME,11000000,,27,719000,a) LANCAR
270,SOPIR/PENGEMUDI,3700000.0,DIFFERENT,10000000,2000000.0,56,761000,a) LANCAR
271,APARATUR PEMERINTAH,4500000.0,SAME,8900000,1500000.0,49,655000,a) LANCAR
272,PEDAGANG,4000000.0,DIFFERENT,11500000,9000000.0,32,714000,a) LANCAR
273,PEGAWAI SWASTA,3000000.0,DIFFERENT,8600000,1100000.0,28,308000,a) LANCAR
274,GURU/PENDIDIKAN,5000000.0,DIFFERENT,10100000,1000000.0,49,574000,a) LANCAR
275,PETANI,500000.0,DIFFERENT,13500000,1000000.0,59,624000,c) 1-30
276,PEDAGANG,5600000.0,DIFFERENT,12900000,1750000.0,45,525000,a) LANCAR
277,BURUH/PRT,3500000.0,DIFFERENT,9500000,1500000.0,57,462000,a) LANCAR
278,GURU/PENDIDIKAN,3000000.0,DIFFERENT,4200000,1750000.0,45,332000,a) LANCAR
279,PETANI,2700000.0,DIFFERENT,4300000,,37,319000,a) LANCAR
280,PEDAGANG,4000000.0,DIFFERENT,10000000,,45,362000,a) LANCAR
281,BURUH/PRT,3500000.0,DIFFERENT,4600000,1000000.0,27,308000,a) LANCAR
282,PEDAGANG,4000000.0,DIFFERENT,13500000,1700000.0,36,625000,a) LANCAR
283,PETANI,3600000.0,DIFFERENT,4200000,1600000.0,35,308000,a) LANCAR
284,PENEGAK HUKUM,5000000.0,DIFFERENT,13500000,1000000.0,54,878000,a) LANCAR
285,PEGAWAI SWASTA,5000000.0,DIFFERENT,13500000,,26,624000,a) LANCAR
286,PEDAGANG,4000000.0,DIFFERENT,5900000,1000000.0,42,362000,a) LANCAR
287,Karyawan Swasta,3500000.0,SAME,11500000,2500000.0,31,462000,a) LANCAR
288,GURU/PENDIDIKAN,3000000.0,DIFFERENT,10000000,1200000.0,31,434000,c) 1-30
289,PEGAWAI SWASTA,4000000.0,DIFFERENT,14000000,1500000.0,35,395000,c) 1-30
290,PRODUKSI,4500000.0,DIFFERENT,10500000,1000000.0,47,434000,c) 1-30
291,PEGAWAI SWASTA,5000000.0,DIFFERENT,10900000,,24,393000,c) 1-30
292,PEDAGANG,3500000.0,DIFFERENT,9800000,,36,651000,c) 1-30
293,PEGAWAI SWASTA,4000000.0,DIFFERENT,16800000,,24,515000,a) LANCAR
294,PEGAWAI SWASTA,4000000.0,DIFFERENT,8000000,,24,507000,a) LANCAR
295,BURUH/PRT,4000000.0,DIFFERENT,7000000,,36,513000,c) 1-30
296,PEDAGANG,7000000.0,DIFFERENT,9700000,3000000.0,57,548000,a) LANCAR
297,PEDAGANG,4500000.0,DIFFERENT,9000000,900000.0,43,301000,a) LANCAR
298,LAIN-LAIN,3700000.0,DIFFERENT,10000000,,25,507000,c) 1-30
299,PEDAGANG,4500000.0,DIFFERENT,5600000,1000000.0,51,520000,a) LANCAR
300,PEDAGANG,4500000.0,DIFFERENT,9000000,1500000.0,44,629000,a) LANCAR
301,JASA,3000000.0,DIFFERENT,7700000,1500000.0,55,441000,a) LANCAR
302,PEDAGANG,6000000.0,DIFFERENT,8000000,900000.0,49,560000,a) LANCAR
303,SOPIR/PENGEMUDI,3500000.0,DIFFERENT,5100000,2000000.0,48,401000,a) LANCAR
304,PEGAWAI SWASTA,3600000.0,SAME,9500000,,25,353000,a) LANCAR
305,PEGAWAI SWASTA,3000000.0,DIFFERENT,5800000,1700000.0,36,312000,a) LANCAR
306,PEDAGANG,3500000.0,DIFFERENT,9800000,,51,676000,a) LANCAR
307,PEDAGANG,4500000.0,DIFFERENT,9500000,,31,629000,a) LANCAR
308,JASA,4000000.0,DIFFERENT,9000000,1500000.0,23,515000,a) LANCAR
309,LAIN-LAIN,4000000.0,DIFFERENT,5300000,,40,354000,a) LANCAR
310,GURU/PENDIDIKAN,5500000.0,DIFFERENT,7000000,1500000.0,50,466000,a) LANCAR
311,DOKTER/BIDAN/MANTRI,4500000.0,DIFFERENT,8700000,2500000.0,27,552000,a) LANCAR
312,PEDAGANG,5000000.0,DIFFERENT,5300000,1250000.0,55,401000,a) LANCAR
313,PEGAWAI SWASTA,3000000.0,DIFFERENT,8400000,,25,788000,d) 31-60
314,PEDAGANG,5000000.0,DIFFERENT,16000000,2000000.0,33,727000,a) LANCAR
315,JASA,4500000.0,DIFFERENT,10000000,1500000.0,36,454000,a) LANCAR
316,PRODUKSI,3500000.0,DIFFERENT,3500000,,48,308000,a) LANCAR
317,PRODUKSI,4000000.0,DIFFERENT,8200000,,26,362000,a) LANCAR
318,JASA,5000000.0,DIFFERENT,15900000,,37,849000,c) 1-30
319,SOPIR/PENGEMUDI,4500000.0,SAME,4500000,1500000.0,49,494000,a) LANCAR
320,PEDAGANG,3000000.0,SAME,9800000,,49,564000,a) LANCAR
321,PETERNAK,4500000.0,DIFFERENT,15200000,1000000.0,51,564000,a) LANCAR
322,PEDAGANG,3000000.0,SAME,9800000,,25,520000,a) LANCAR
323,PEGAWAI NEGERI/BUMN,4500000.0,SAME,11000000,1200000.0,51,628000,a) LANCAR
324,PEDAGANG,2500000.0,SAME,17300000,,23,418000,a) LANCAR
325,PETANI,4500000.0,DIFFERENT,6600000,,42,353000,a) LANCAR
326,PEDAGANG,2600000.0,DIFFERENT,14200000,1200000.0,29,629000,a) LANCAR
327,PRODUKSI,3500000.0,DIFFERENT,13100000,1750000.0,50,669000,a) LANCAR
328,SOPIR/PENGEMUDI,3500000.0,DIFFERENT,17600000,1750000.0,39,727000,a) LANCAR
329,PEGAWAI NEGERI/BUMN,5000000.0,DIFFERENT,11500000,1700000.0,39,362000,a) LANCAR
330,PEGAWAI SWASTA,2500000.0,DIFFERENT,10500000,1750000.0,32,564000,c) 1-30
331,JASA,3000000.0,DIFFERENT,4200000,,49,308000,a) LANCAR
332,PEDAGANG,3000000.0,DIFFERENT,5800000,1000000.0,48,386000,a) LANCAR
333,SOPIR/PENGEMUDI,5000000.0,DIFFERENT,12500000,1400000.0,48,588000,a) LANCAR
334,PEDAGANG,3000000.0,DIFFERENT,5800000,,27,308000,a) LANCAR
335,PETANI,4000000.0,DIFFERENT,5500000,1500000.0,51,428000,c) 1-30
336,PEDAGANG,3500000.0,DIFFERENT,8000000,,48,607000,a) LANCAR
337,PEDAGANG,4400000.0,DIFFERENT,9900000,1000000.0,27,401000,a) LANCAR
338,GURU/PENDIDIKAN,4800000.0,SAME,9500000,3100000.0,34,480000,c) 1-30
339,PETANI,3000000.0,SAME,15000000,,46,693000,a) LANCAR
340,PEGAWAI SWASTA,4000000.0,DIFFERENT,8200000,,30,466000,a) LANCAR
341,PEDAGANG,5500000.0,DIFFERENT,9800000,1500000.0,24,726000,c) 1-30
342,PEDAGANG,3500000.0,DIFFERENT,10000000,1500000.0,33,579000,c) 1-30
343,PEDAGANG,4000000.0,DIFFERENT,10000000,9000000.0,32,676000,a) LANCAR
344,PETANI,3500000.0,DIFFERENT,5600000,1750000.0,51,433000,d) 31-60
345,PEDAGANG,4500000.0,DIFFERENT,4200000,1500000.0,41,354000,a) LANCAR
346,PEGAWAI NEGERI/BUMN,7000000.0,SAME,10500000,5000000.0,43,729000,a) LANCAR
347,Guru (Dosen),3000000.0,SAME,6300000,0.0,49,507000,a) LANCAR
348,PETERNAK,4900000.0,DIFFERENT,8100000,1000000.0,48,574000,a) LANCAR
349,PEDAGANG,4000000.0,DIFFERENT,8000000,1500000.0,42,450000,a) LANCAR
350,PETERNAK,7500000.0,DIFFERENT,24200000,1750000.0,43,1153000,a) LANCAR
351,PEDAGANG,4500000.0,DIFFERENT,13500000,1000000.0,28,533000,a) LANCAR
352,PEDAGANG,4500000.0,DIFFERENT,6300000,,52,343000,a) LANCAR
353,PEDAGANG,3500000.0,DIFFERENT,13200000,,54,645000,a) LANCAR
354,LAIN-LAIN,4500000.0,DIFFERENT,5800000,1750000.0,56,444000,a) LANCAR
355,PEDAGANG,4500000.0,DIFFERENT,6000000,1000000.0,31,308000,a) LANCAR
356,PEDAGANG,3000000.0,DIFFERENT,9800000,1500000.0,25,615000,a) LANCAR
357,PRODUKSI,2500000.0,DIFFERENT,5600000,2500000.0,22,556000,a) LANCAR
358,PEDAGANG,3500000.0,SAME,10500000,2500000.0,48,533000,a) LANCAR
359,JASA,2500000.0,DIFFERENT,9000000,3000000.0,29,603000,a) LANCAR
360,PEDAGANG,2000000.0,DIFFERENT,5200000,2000000.0,57,411000,a) LANCAR
361,PEDAGANG,5500000.0,DIFFERENT,4500000,2500000.0,40,308000,a) LANCAR
362,BURUH/PRT,2500000.0,DIFFERENT,6600000,,32,312000,a) LANCAR
363,PETANI,5000000.0,DIFFERENT,10000000,3000000.0,52,748000,a) LANCAR
364,PETANI,5000000.0,DIFFERENT,12100000,3000000.0,52,856000,c) 1-30
365,PETANI,5000000.0,DIFFERENT,24200000,2500000.0,38,1399000,a) LANCAR
366,PETERNAK,2400000.0,DIFFERENT,4000000,1200000.0,38,335000,a) LANCAR
367,PEDAGANG,4000000.0,SAME,7700000,1250000.0,27,475000,a) LANCAR
368,PEDAGANG,4500000.0,DIFFERENT,16000000,1500000.0,40,727000,a) LANCAR
369,PEDAGANG,3000000.0,DIFFERENT,5500000,,32,411000,a) LANCAR
370,PEDAGANG,5500000.0,DIFFERENT,9500000,1600000.0,32,809000,a) LANCAR
371,PEGAWAI SWASTA,5500000.0,DIFFERENT,3800000,,26,397000,c) 1-30
372,PEDAGANG,3000000.0,DIFFERENT,16800000,900000.0,57,362000,a) LANCAR
373,GURU/PENDIDIKAN,3500000.0,SAME,9100000,1250000.0,43,683000,a) LANCAR
374,SEWA/RENT,3500000.0,DIFFERENT,7400000,1000000.0,25,563000,c) 1-30
375,SEWA/RENT,3500000.0,DIFFERENT,10500000,1000000.0,25,780000,c) 1-30
376,PEDAGANG,6000000.0,SAME,8000000,900000.0,49,552000,a) LANCAR
377,PEGAWAI SWASTA,4500000.0,SAME,9000000,,60,475000,a) LANCAR
378,APARATUR PEMERINTAH,4500000.0,SAME,15200000,1500000.0,48,548000,c) 1-30
379,PEGAWAI NEGERI/BUMN,3000000.0,DIFFERENT,8000000,1750000.0,32,454000,a) LANCAR
380,SOPIR/PENGEMUDI,5000000.0,DIFFERENT,8000000,3500000.0,52,362000,a) LANCAR
381,BURUH/PRT,2500000.0,DIFFERENT,8200000,3000000.0,33,447000,c) 1-30
382,PETERNAK,2500000.0,DIFFERENT,10500000,2500000.0,39,572000,a) LANCAR
383,PEDAGANG,3000000.0,DIFFERENT,8200000,1500000.0,24,422000,a) LANCAR
384,PETERNAK,5000000.0,DIFFERENT,5900000,2500000.0,32,362000,c) 1-30
385,PEDAGANG,2500000.0,DIFFERENT,6200000,2500000.0,26,487000,c) 1-30
386,PEDAGANG,3500000.0,DIFFERENT,7600000,3000000.0,23,308000,a) LANCAR
387,PETANI,3500000.0,DIFFERENT,6000000,0.0,59,353000,a) LANCAR
388,BURUH/PRT,2500000.0,SAME,8600000,2500000.0,49,475000,a) LANCAR
389,PEDAGANG,3500000.0,DIFFERENT,9400000,2500000.0,30,629000,a) LANCAR
390,PEDAGANG,2500000.0,DIFFERENT,3600000,2500000.0,25,308000,a) LANCAR
391,JASA,2500000.0,DIFFERENT,5100000,,33,308000,a) LANCAR
392,PEDAGANG,3500000.0,DIFFERENT,8100000,,35,520000,a) LANCAR
393,PETERNAK,3500000.0,DIFFERENT,9000000,3000000.0,41,435000,a) LANCAR
394,PEDAGANG,3000000.0,DIFFERENT,15900000,8000000.0,49,393000,a) LANCAR
395,PEDAGANG,3500000.0,DIFFERENT,5600000,4500000.0,35,444000,c) 1-30
396,PEGAWAI SWASTA,2500000.0,SAME,6100000,2500000.0,36,515000,a) LANCAR
397,PEDAGANG,3500000.0,DIFFERENT,8000000,3500000.0,43,384000,a) LANCAR
398,PEDAGANG,3500000.0,DIFFERENT,8900000,3500000.0,27,629000,a) LANCAR
399,APARATUR PEMERINTAH,3500000.0,SAME,8700000,1500000.0,46,629000,a) LANCAR
400,PEDAGANG,3500000.0,DIFFERENT,9000000,,38,533000,a) LANCAR
401,PEDAGANG,4500000.0,DIFFERENT,11400000,,23,605000,a) LANCAR
402,PETANI,4000000.0,DIFFERENT,9900000,,44,308000,a) LANCAR
403,JASA,4500000.0,DIFFERENT,9800000,2500000.0,42,615000,a) LANCAR
404,PEGAWAI SWASTA,4500000.0,DIFFERENT,19700000,,25,944000,a) LANCAR
405,PEDAGANG,4000000.0,DIFFERENT,15200000,2000000.0,39,965000,c) 1-30
406,PRODUKSI,2500000.0,DIFFERENT,13700000,5000000.0,34,856000,c) 1-30
407,PEDAGANG,2500000.0,SAME,5800000,2500000.0,46,312000,c) 1-30
408,PEDAGANG,3500000.0,DIFFERENT,13300000,4500000.0,48,888000,c) 1-30
409,PETANI,4000000.0,DIFFERENT,11200000,2500000.0,47,1095000,c) 1-30
410,PEGAWAI SWASTA,2500000.0,DIFFERENT,7200000,,22,393000,a) LANCAR
411,PEGAWAI SWASTA,250000.0,DIFFERENT,4000000,2500000.0,34,308000,c) 1-30
412,PEDAGANG,3500000.0,DIFFERENT,7200000,3500000.0,54,393000,a) LANCAR
413,PEGAWAI SWASTA,4000000.0,DIFFERENT,11200000,3500000.0,41,844000,c) 1-30
414,PEGAWAI SWASTA,3000000.0,DIFFERENT,5900000,1500000.0,37,362000,a) LANCAR
415,BURUH/PRT,3500000.0,SAME,9800000,2000000.0,55,548000,a) LANCAR
416,PEGAWAI SWASTA,2500000.0,SAME,8600000,2500000.0,26,475000,a) LANCAR
417,PETERNAK,3000000.0,DIFFERENT,6700000,1500000.0,44,466000,a) LANCAR
418,PEGAWAI SWASTA,2500000.0,DIFFERENT,11700000,,22,693000,a) LANCAR
419,PEGAWAI SWASTA,2500000.0,DIFFERENT,8000000,2500000.0,26,742000,a) LANCAR
420,LAIN-LAIN,3500000.0,SAME,7700000,2500000.0,42,629000,a) LANCAR
421,PEGAWAI SWASTA,2500000.0,DIFFERENT,5300000,,22,515000,a) LANCAR
422,PEDAGANG,2500000.0,DIFFERENT,8600000,3500000.0,30,629000,a) LANCAR
423,PETANI,3000000.0,DIFFERENT,9800000,2000000.0,39,693000,a) LANCAR
424,PEDAGANG,2500000.0,DIFFERENT,9400000,1000000.0,35,540000,a) LANCAR
425,PEDAGANG,2500000.0,DIFFERENT,8300000,,25,719000,a) LANCAR
426,PEDAGANG,3500000.0,DIFFERENT,11800000,,27,748000,a) LANCAR
427,PEDAGANG,3500000.0,DIFFERENT,9000000,,27,629000,a) LANCAR
428,PRODUKSI,3000000.0,DIFFERENT,7500000,,23,312000,a) LANCAR
429,PEDAGANG,3000000.0,DIFFERENT,8200000,1500000.0,46,574000,a) LANCAR
430,PEGAWAI SWASTA,3500000.0,DIFFERENT,9700000,,30,651000,c) 1-30
431,PEGAWAI SWASTA,4500000.0,DIFFERENT,8300000,2500000.0,32,883000,c) 1-30
432,PETANI,4500000.0,DIFFERENT,16400000,4000000.0,45,1095000,a) LANCAR
433,PEDAGANG,2500000.0,DIFFERENT,4500000,2500000.0,50,308000,a) LANCAR
434,PEDAGANG,5000000.0,DIFFERENT,12300000,1000000.0,58,788000,a) LANCAR
435,PEGAWAI SWASTA,3000000.0,SAME,12300000,,32,635000,a) LANCAR
436,PETERNAK,2200000.0,DIFFERENT,8200000,1800000.0,30,301000,a) LANCAR
437,PRODUKSI,2300000.0,SAME,13500000,,26,613000,a) LANCAR
438,PEDAGANG,2500000.0,DIFFERENT,4800000,1500000.0,34,343000,c) 1-30
439,PEDAGANG,3000000.0,DIFFERENT,14000000,,24,835000,a) LANCAR
440,BURUH/PRT,2500000.0,DIFFERENT,6700000,2500000.0,31,401000,a) LANCAR
441,PRODUKSI,3500000.0,SAME,12500000,2000000.0,56,362000,a) LANCAR
442,JASA,4000000.0,DIFFERENT,14900000,1500000.0,39,878000,a) LANCAR
443,PEDAGANG,4000000.0,DIFFERENT,8700000,900000.0,33,502000,a) LANCAR
444,APARATUR PEMERINTAH,3500000.0,DIFFERENT,12000000,2000000.0,32,729000,a) LANCAR
445,DOKTER/BIDAN/MANTRI,4000000.0,SAME,13800000,2500000.0,32,669000,a) LANCAR
446,PEDAGANG,4000000.0,DIFFERENT,7500000,2500000.0,35,809000,a) LANCAR
447,PEDAGANG,4000000.0,DIFFERENT,14500000,3000000.0,48,748000,a) LANCAR
448,SEWA/RENT,3000000.0,SAME,12000000,1000000.0,35,629000,a) LANCAR
449,PEGAWAI SWASTA,3500000.0,DIFFERENT,11500000,2500000.0,54,613000,a) LANCAR
450,PEGAWAI SWASTA,2500000.0,SAME,9300000,,27,362000,a) LANCAR
451,SOPIR/PENGEMUDI,4000000.0,DIFFERENT,12700000,3000000.0,35,624000,a) LANCAR
452,SOPIR/PENGEMUDI,4000000.0,DIFFERENT,18600000,3000000.0,35,715000,a) LANCAR
453,PETANI,3500000.0,DIFFERENT,8000000,,53,635000,a) LANCAR
454,PEDAGANG,4000000.0,DIFFERENT,5400000,3000000.0,40,352000,a) LANCAR
455,PENGRAJIN TANGAN,2500000.0,DIFFERENT,13300000,,29,693000,a) LANCAR
456,PRODUKSI,2500000.0,DIFFERENT,12500000,2500000.0,28,349000,c) 1-30
457,PETANI,3500000.0,DIFFERENT,4100000,2500000.0,41,308000,a) LANCAR
458,PEDAGANG,3500000.0,DIFFERENT,9300000,2000000.0,44,520000,e) 61-90
459,PEDAGANG,3500000.0,DIFFERENT,8300000,3000000.0,23,454000,a) LANCAR
460,TRANSPORTASI & KOMUNIKASI,3000000.0,DIFFERENT,4700000,1500000.0,32,308000,a) LANCAR
461,PEDAGANG,3500000.0,DIFFERENT,12000000,2000000.0,40,629000,a) LANCAR
462,PEDAGANG,4000000.0,DIFFERENT,9300000,2000000.0,31,526000,a) LANCAR
463,IBU RUMAH TANGGA,2500000.0,DIFFERENT,12500000,2500000.0,26,435000,a) LANCAR
464,PEGAWAI SWASTA,4000000.0,DIFFERENT,8300000,2000000.0,40,454000,a) LANCAR
465,PEGAWAI SWASTA,3000000.0,SAME,13500000,,32,651000,a) LANCAR
466,PEDAGANG,3750000.0,SAME,12100000,2000000.0,53,435000,a) LANCAR
467,PEGAWAI NEGERI/BUMN,4000000.0,DIFFERENT,5100000,1000000.0,54,322000,a) LANCAR
468,PEGAWAI SWASTA,2500000.0,DIFFERENT,9100000,2500000.0,40,520000,a) LANCAR
469,DOKTER/BIDAN/MANTRI,4000000.0,DIFFERENT,14700000,2500000.0,32,583000,a) LANCAR
470,LAIN-LAIN,3000000.0,DIFFERENT,7700000,,28,386000,a) LANCAR
471,PENGRAJIN TANGAN,2400000.0,DIFFERENT,10000000,1000000.0,40,520000,e) 61-90
472,PEDAGANG,3000000.0,SAME,10100000,,28,1095000,c) 1-30
473,PENGRAJIN TANGAN,2500000.0,DIFFERENT,9300000,2000000.0,44,507000,e) 61-90
474,PEDAGANG,3000000.0,SAME,8100000,2500000.0,56,520000,a) LANCAR
475,PEGAWAI SWASTA,3500000.0,DIFFERENT,9700000,2000000.0,43,520000,c) 1-30
476,PEDAGANG,3000000.0,SAME,13000000,,24,977000,d) 31-60
477,BURUH/PRT,2500000.0,SAME,4500000,,24,580000,a) LANCAR
478,PENGRAJIN TANGAN,4500000.0,DIFFERENT,24000000,,27,835000,c) 1-30
479,BURUH/PRT,5000000.0,DIFFERENT,8500000,2500000.0,37,417000,a) LANCAR
480,JASA,3500000.0,DIFFERENT,13000000,,31,1256000,d) 31-60
481,JASA,4000000.0,DIFFERENT,12000000,3000000.0,40,570000,a) LANCAR
482,APARATUR PEMERINTAH,4000000.0,DIFFERENT,12000000,3000000.0,32,666000,c) 1-30
483,LAIN-LAIN,4500000.0,DIFFERENT,26000000,4000000.0,33,2195000,e) 61-90
484,DOKTER/BIDAN/MANTRI,4000000.0,SAME,15700000,2500000.0,32,613000,a) LANCAR
485,SOPIR/PENGEMUDI,2500000.0,SAME,13500000,1000000.0,51,804000,a) LANCAR
486,PEGAWAI SWASTA,3000000.0,DIFFERENT,9700000,,27,393000,a) LANCAR
487,PEGAWAI SWASTA,3000000.0,SAME,11700000,1500000.0,24,393000,a) LANCAR
488,PENGRAJIN TANGAN,2500000.0,DIFFERENT,18000000,2000000.0,44,941000,e) 61-90
489,PETANI,3500000.0,DIFFERENT,9500000,,53,662000,a) LANCAR
490,PEDAGANG,3500000.0,DIFFERENT,7400000,1000000.0,44,362000,c) 1-30
491,PEGAWAI SWASTA,3000000.0,DIFFERENT,12500000,1500000.0,48,693000,a) LANCAR
492,PETANI,3500000.0,DIFFERENT,12500000,2500000.0,46,676000,c) 1-30
493,PEDAGANG,3000000.0,SAME,15100000,3500000.0,50,1110000,a) LANCAR
494,PEDAGANG,1800000.0,SAME,13000000,2500000.0,30,782000,c) 1-30
495,JASA,4500000.0,DIFFERENT,12000000,500000.0,43,635000,a) LANCAR
496,PEGAWAI SWASTA,2200000.0,DIFFERENT,10000000,1900000.0,35,520000,a) LANCAR
497,PEDAGANG,3500000.0,SAME,11000000,1500000.0,56,676000,c) 1-30
498,JASA,5000000.0,DIFFERENT,14900000,2500000.0,35,605000,a) LANCAR
499,PEGAWAI SWASTA,2500000.0,DIFFERENT,12500000,,50,509000,a) LANCAR
500,PETANI,3000000.0,DIFFERENT,11500000,3500000.0,54,613000,a) LANCAR
501,PEGAWAI SWASTA,3500000.0,DIFFERENT,14800000,2500000.0,43,1390000,a) LANCAR
502,BURUH/PRT,3000000.0,DIFFERENT,11000000,2500000.0,39,349000,a) LANCAR
503,PEGAWAI SWASTA,3000000.0,DIFFERENT,9300000,,27,507000,a) LANCAR
504,PEDAGANG,3500000.0,DIFFERENT,27000000,2500000.0,45,1478000,a) LANCAR
505,PEDAGANG,4500000.0,DIFFERENT,15700000,3500000.0,55,1095000,a) LANCAR
506,JASA,3000000.0,SAME,6200000,2500000.0,59,401000,a) LANCAR
507,PEDAGANG,2500000.0,DIFFERENT,5300000,1500000.0,40,301000,c) 1-30
508,SOPIR/PENGEMUDI,3500000.0,SAME,16100000,,46,411000,c) 1-30
509,PEGAWAI SWASTA,2500000.0,SAME,7800000,2500000.0,37,343000,c) 1-30
510,PEGAWAI SWASTA,3500000.0,DIFFERENT,14700000,,25,782000,c) 1-30
511,PEDAGANG,2500000.0,SAME,5000000,,39,308000,a) LANCAR
512,PEGAWAI SWASTA,2000000.0,DIFFERENT,8800000,4000000.0,29,454000,a) LANCAR
513,PEDAGANG,3500000.0,SAME,11000000,,43,676000,a) LANCAR
514,PEDAGANG,2500000.0,DIFFERENT,8500000,1500000.0,45,377000,a) LANCAR
515,PEGAWAI SWASTA,3000000.0,DIFFERENT,12900000,2000000.0,38,411000,a) LANCAR
516,PEGAWAI SWASTA,3500000.0,DIFFERENT,12200000,2500000.0,41,744000,a) LANCAR
517,SEWA/RENT,3500000.0,DIFFERENT,9700000,,25,904000,a) LANCAR
518,PETANI,4500000.0,DIFFERENT,11500000,2500000.0,25,475000,a) LANCAR
519,PEDAGANG,3500000.0,SAME,14500000,2500000.0,52,645000,a) LANCAR
520,PETANI,3500000.0,DIFFERENT,11000000,,41,475000,a) LANCAR
521,PEGAWAI SWASTA,3500000.0,DIFFERENT,8500000,2500000.0,38,423000,a) LANCAR
522,PEDAGANG,2500000.0,DIFFERENT,7800000,,30,349000,a) LANCAR
523,PEDAGANG,3000000.0,SAME,5800000,2500000.0,48,406000,a) LANCAR
524,PEGAWAI SWASTA,2500000.0,DIFFERENT,8500000,2500000.0,39,507000,a) LANCAR
525,PEGAWAI SWASTA,3000000.0,SAME,6300000,3500000.0,27,401000,a) LANCAR
526,PEDAGANG,3000000.0,DIFFERENT,8000000,2500000.0,32,466000,a) LANCAR
527,PETANI,3500000.0,SAME,13800000,2500000.0,50,564000,a) LANCAR
528,PEGAWAI SWASTA,3000000.0,DIFFERENT,11500000,0.0,25,533000,c) 1-30
529,PEGAWAI SWASTA,3500000.0,SAME,16800000,1500000.0,30,560000,a) LANCAR
530,PETANI,3500000.0,DIFFERENT,15700000,2500000.0,40,564000,c) 1-30
531,PEDAGANG,3000000.0,DIFFERENT,4700000,,57,308000,a) LANCAR
532,SOPIR/PENGEMUDI,3000000.0,DIFFERENT,12600000,,35,308000,a) LANCAR
533,PETANI,3000000.0,DIFFERENT,11000000,2500000.0,52,748000,c) 1-30
534,PRODUKSI,3000000.0,DIFFERENT,13000000,,24,814000,a) LANCAR
535,PEGAWAI SWASTA,3000000.0,SAME,3500000,,25,308000,a) LANCAR
536,PEDAGANG,8000000.0,SAME,28300000,,40,3218000,a) LANCAR
537,PEGAWAI SWASTA,2200000.0,DIFFERENT,6300000,1900000.0,35,444000,a) LANCAR
538,JASA,2500000.0,DIFFERENT,8000000,2500000.0,29,382000,d) 31-60
539,PEGAWAI SWASTA,3500000.0,DIFFERENT,12000000,3000000.0,31,475000,c) 1-30
540,PEGAWAI SWASTA,4000000.0,SAME,7300000,1000000.0,39,401000,c) 1-30
541,PETERNAK,4000000.0,DIFFERENT,12000000,,32,629000,a) LANCAR
542,JASA,2500000.0,DIFFERENT,7000000,,36,761000,a) LANCAR
543,JASA,6000000.0,DIFFERENT,32000000,3500000.0,49,1095000,a) LANCAR
544,PEGAWAI SWASTA,2500000.0,SAME,9000000,2500000.0,35,312000,a) LANCAR
545,GURU/PENDIDIKAN,3000000.0,DIFFERENT,4000000,2500000.0,30,438000,a) LANCAR
546,PRODUKSI,2300000.0,SAME,12500000,,26,707000,a) LANCAR
547,PENGRAJIN TANGAN,3000000.0,DIFFERENT,5900000,3000000.0,56,303000,a) LANCAR
548,PEGAWAI SWASTA,3000000.0,DIFFERENT,5000000,2500000.0,26,362000,a) LANCAR
549,PEDAGANG,3000000.0,DIFFERENT,6300000,,29,411000,a) LANCAR
550,PEDAGANG,2500000.0,DIFFERENT,5600000,,24,401000,a) LANCAR
551,PEDAGANG,3500000.0,SAME,8200000,2500000.0,58,629000,a) LANCAR
552,PEGAWAI SWASTA,2500000.0,DIFFERENT,8600000,3000000.0,35,629000,a) LANCAR
553,PEGAWAI SWASTA,2500000.0,DIFFERENT,15000000,,25,835000,a) LANCAR
554,PEDAGANG,2500000.0,SAME,3400000,2500000.0,34,308000,a) LANCAR
555,LAIN-LAIN,4500000.0,DIFFERENT,22800000,2000000.0,33,2567000,c) 1-30
556,PEGAWAI SWASTA,2500000.0,DIFFERENT,3500000,,23,308000,a) LANCAR
557,PETANI,2500000.0,SAME,9400000,,40,714000,a) LANCAR
558,PEGAWAI SWASTA,2500000.0,DIFFERENT,16000000,2500000.0,36,629000,c) 1-30
559,PEGAWAI SWASTA,2500000.0,DIFFERENT,8000000,2500000.0,26,628000,a) LANCAR
560,PEDAGANG,2500000.0,DIFFERENT,17800000,,55,475000,a) LANCAR
561,PETANI,2800000.0,DIFFERENT,3800000,2000000.0,56,322000,a) LANCAR
562,PEDAGANG,3000000.0,DIFFERENT,3800000,2500000.0,32,308000,c) 1-30
563,JASA,3500000.0,DIFFERENT,7000000,,24,308000,d) 31-60
564,PEGAWAI SWASTA,3000000.0,DIFFERENT,12100000,2500000.0,41,725000,a) LANCAR
565,PEGAWAI SWASTA,2500000.0,DIFFERENT,6600000,2500000.0,46,509000,a) LANCAR
566,PEGAWAI SWASTA,2500000.0,DIFFERENT,4000000,2500000.0,50,352000,a) LANCAR
567,PEGAWAI SWASTA,2500000.0,DIFFERENT,7800000,2500000.0,35,466000,a) LANCAR
568,PETERNAK,2500000.0,DIFFERENT,3400000,2500000.0,39,301000,a) LANCAR
569,JASA,3500000.0,DIFFERENT,6300000,,27,714000,a) LANCAR
570,KESEHATAN,3500000.0,DIFFERENT,6000000,,33,411000,a) LANCAR
571,SOPIR/PENGEMUDI,3000000.0,DIFFERENT,4200000,2500000.0,36,441000,a) LANCAR
572,PEGAWAI SWASTA,2500000.0,DIFFERENT,5200000,,28,354000,a) LANCAR
573,PEDAGANG,3500000.0,DIFFERENT,7000000,,43,459000,a) LANCAR
574,PEDAGANG,3500000.0,DIFFERENT,5200000,2500000.0,50,401000,a) LANCAR
575,PRODUKSI,2500000.0,DIFFERENT,3400000,2500000.0,28,308000,c) 1-30
576,PEGAWAI SWASTA,2500000.0,DIFFERENT,6600000,,25,384000,a) LANCAR
577,JASA,6000000.0,DIFFERENT,20000000,3500000.0,43,1357000,a) LANCAR
578,PEGAWAI SWASTA,3000000.0,DIFFERENT,5600000,2500000.0,26,353000,a) LANCAR
579,PEDAGANG,3000000.0,SAME,9400000,2500000.0,48,564000,c) 1-30
580,PEDAGANG,4000000.0,DIFFERENT,5600000,1000000.0,42,303000,c) 1-30
581,PEDAGANG,2500000.0,DIFFERENT,7700000,2500000.0,31,393000,a) LANCAR
582,PEDAGANG,5000000.0,SAME,9500000,,33,462000,a) LANCAR
583,DOKTER/BIDAN/MANTRI,3000000.0,DIFFERENT,8200000,,28,393000,a) LANCAR
584,PETANI,3000000.0,DIFFERENT,10000000,3500000.0,42,362000,a) LANCAR
585,PETANI,2000000.0,DIFFERENT,9800000,,50,362000,c) 1-30
586,PETANI,2000000.0,DIFFERENT,4200000,,49,352000,c) 1-30
587,PEGAWAI SWASTA,2500000.0,DIFFERENT,6000000,2500000.0,52,454000,c) 1-30
588,PEDAGANG,2000000.0,DIFFERENT,4700000,2500000.0,55,535000,c) 1-30
589,PEDAGANG,3000000.0,SAME,5300000,4000000.0,29,412000,c) 1-30
590,DOKTER/BIDAN/MANTRI,2000000.0,DIFFERENT,4300000,2000000.0,50,335000,c) 1-30
591,LAIN-LAIN,2500000.0,SAME,7500000,2400000.0,48,401000,a) LANCAR
592,LAIN-LAIN,2500000.0,SAME,8600000,4000000.0,28,525000,a) LANCAR
593,LAIN-LAIN,3500000.0,DIFFERENT,13200000,,51,715000,a) LANCAR
594,PETANI,2000000.0,SAME,9000000,1000000.0,49,999000,e) 61-90
595,PETANI,2000000.0,DIFFERENT,4000000,3000000.0,47,308000,a) LANCAR
596,PETANI,3000000.0,SAME,7800000,,53,613000,a) LANCAR
597,LAIN-LAIN,3500000.0,DIFFERENT,5500000,2500000.0,58,301000,a) LANCAR
598,PEDAGANG,2500000.0,DIFFERENT,28300000,,44,808000,a) LANCAR
599,PEDAGANG,3000000.0,DIFFERENT,15800000,3000000.0,49,308000,a) LANCAR
600,LAIN-LAIN,2000000.0,DIFFERENT,14300000,3500000.0,47,835000,a) LANCAR
601,PETANI,2500000.0,SAME,9400000,2500000.0,42,629000,a) LANCAR
602,PETANI,2000000.0,DIFFERENT,24200000,1500000.0,28,1291000,c) 1-30
603,PETERNAK,2500000.0,DIFFERENT,11200000,2500000.0,34,471000,a) LANCAR
604,LAIN-LAIN,3000000.0,DIFFERENT,6200000,2500000.0,54,454000,a) LANCAR
605,PEDAGANG,3000000.0,SAME,8200000,4500000.0,40,556000,a) LANCAR
606,LAIN-LAIN,3500000.0,DIFFERENT,4100000,2500000.0,52,338000,a) LANCAR
607,PEGAWAI SWASTA,3500000.0,DIFFERENT,11700000,,32,788000,a) LANCAR
608,LAIN-LAIN,3000000.0,DIFFERENT,8700000,,58,613000,a) LANCAR
609,PETANI,3500000.0,DIFFERENT,7000000,1100000.0,55,301000,a) LANCAR
610,LAIN-LAIN,3000000.0,DIFFERENT,3800000,2000000.0,51,301000,a) LANCAR
611,PETERNAK,3500000.0,DIFFERENT,7700000,1000000.0,39,507000,a) LANCAR
612,LAIN-LAIN,3500000.0,DIFFERENT,6000000,2500000.0,44,790000,a) LANCAR
613,PETANI,2500000.0,SAME,5900000,,34,411000,a) LANCAR
614,PEDAGANG,3500000.0,DIFFERENT,16300000,,44,466000,a) LANCAR
615,PETANI,2000000.0,DIFFERENT,11100000,,26,1295000,d) 31-60
616,LAIN-LAIN,3500000.0,DIFFERENT,11200000,3400000.0,46,525000,a) LANCAR
617,PETERNAK,2500000.0,DIFFERENT,4900000,,44,308000,a) LANCAR
618,LAIN-LAIN,2500000.0,DIFFERENT,5900000,,49,344000,a) LANCAR
619,GURU/PENDIDIKAN,1000000.0,DIFFERENT,14600000,,28,904000,d) 31-60
620,LAIN-LAIN,3500000.0,DIFFERENT,7700000,1750000.0,47,301000,a) LANCAR
621,PETANI,2000000.0,DIFFERENT,9400000,,35,676000,a) LANCAR
622,PETANI,2500000.0,DIFFERENT,8000000,,51,533000,a) LANCAR
623,PETANI,2200000.0,DIFFERENT,10700000,2000000.0,45,533000,a) LANCAR
624,PETANI,2000000.0,DIFFERENT,11100000,2500000.0,28,487000,c) 1-30
625,PETANI,2000000.0,SAME,11800000,,39,1095000,d) 31-60
626,PETANI,1900000.0,DIFFERENT,4300000,2500000.0,32,308000,a) LANCAR
627,PEDAGANG,3500000.0,DIFFERENT,7200000,3500000.0,31,635000,a) LANCAR
628,PEGAWAI SWASTA,2000000.0,DIFFERENT,7400000,2500000.0,22,418000,a) LANCAR
629,PETANI,3500000.0,DIFFERENT,5200000,1700000.0,56,303000,a) LANCAR
630,PETANI,2500000.0,SAME,9000000,,27,788000,a) LANCAR
631,PETANI,2500000.0,SAME,5400000,2500000.0,47,332000,a) LANCAR
632,PETANI,1900000.0,DIFFERENT,6000000,,28,366000,a) LANCAR
633,PETANI,1900000.0,DIFFERENT,8200000,,30,574000,a) LANCAR
634,PETANI,3500000.0,DIFFERENT,5900000,1000000.0,50,312000,a) LANCAR
635,PETANI,2500000.0,DIFFERENT,9200000,,27,308000,a) LANCAR
636,PETANI,2500000.0,DIFFERENT,11200000,1500000.0,55,748000,a) LANCAR
637,PETERNAK,2500000.0,DIFFERENT,14900000,2000000.0,32,856000,c) 1-30
638,GURU/PENDIDIKAN,3700000.0,SAME,9800000,,31,613000,a) LANCAR
639,IBU RUMAH TANGGA,2300000.0,SAME,8600000,,36,629000,a) LANCAR
640,PETANI,2500000.0,DIFFERENT,6900000,,42,308000,a) LANCAR
641,LAIN-LAIN,2500000.0,DIFFERENT,8800000,2500000.0,54,1069000,a) LANCAR
642,PETANI,2000000.0,DIFFERENT,11200000,,38,526000,a) LANCAR
643,PETANI,2500000.0,DIFFERENT,6500000,,47,515000,a) LANCAR
644,PEGAWAI NEGERI/BUMN,3500000.0,DIFFERENT,17500000,,52,564000,a) LANCAR
645,Lain-lain,2000000.0,SAME,17300000,800000.0,55,2009000,c) 1-30
646,GURU/PENDIDIKAN,3500000.0,SAME,9400000,4500000.0,54,548000,a) LANCAR
647,PEGAWAI NEGERI/BUMN,4500000.0,DIFFERENT,12300000,2500000.0,52,645000,a) LANCAR
648,PETANI,2000000.0,DIFFERENT,5300000,,52,312000,a) LANCAR
649,PETANI,2500000.0,DIFFERENT,7400000,,29,362000,a) LANCAR
650,LAIN-LAIN,3500000.0,DIFFERENT,7700000,,40,507000,a) LANCAR
651,PETANI,2000000.0,DIFFERENT,5400000,,58,308000,a) LANCAR
652,PEDAGANG,3500000.0,DIFFERENT,10700000,,45,507000,a) LANCAR
653,PEDAGANG,2000000.0,DIFFERENT,6700000,,29,498000,a) LANCAR
654,PETANI,2000000.0,DIFFERENT,7100000,2000000.0,40,401000,a) LANCAR
655,PEGAWAI SWASTA,2500000.0,DIFFERENT,10700000,1500000.0,25,676000,a) LANCAR
656,PETANI,2000000.0,DIFFERENT,13200000,,32,933000,e) 61-90
657,PETANI,2500000.0,DIFFERENT,10200000,,56,629000,a) LANCAR
658,APARATUR PEMERINTAH,2500000.0,SAME,7700000,,46,475000,d) 31-60
659,LAIN-LAIN,2000000.0,DIFFERENT,5300000,,41,401000,c) 1-30
660,PEDAGANG,3000000.0,DIFFERENT,12700000,,42,686000,d) 31-60
661,PEGAWAI SWASTA,3000000.0,DIFFERENT,6700000,,29,628000,a) LANCAR
662,PEGAWAI SWASTA,3000000.0,DIFFERENT,6500000,,37,312000,a) LANCAR
663,PETANI,4500000.0,DIFFERENT,11700000,1250000.0,57,634000,a) LANCAR
664,APARATUR PEMERINTAH,2500000.0,DIFFERENT,6200000,1500000.0,54,454000,a) LANCAR
665,PETANI,4500000.0,DIFFERENT,10700000,,42,729000,a) LANCAR
666,PETANI,2000000.0,DIFFERENT,5200000,,50,312000,a) LANCAR
667,PETANI,2500000.0,SAME,16800000,,37,2057000,c) 1-30
668,LAIN-LAIN,2700000.0,SAME,4300000,3500000.0,43,354000,a) LANCAR
669,Lain-lain,2600000.0,SAME,7600000,,48,560000,d) 31-60
670,PETANI,2500000.0,DIFFERENT,7700000,2000000.0,55,308000,a) LANCAR
671,PEGAWAI SWASTA,3000000.0,DIFFERENT,8200000,,41,349000,a) LANCAR
672,PETANI,2500000.0,DIFFERENT,11700000,,28,475000,a) LANCAR
673,PEDAGANG,4500000.0,DIFFERENT,10700000,2500000.0,47,593000,a) LANCAR
674,LAIN-LAIN,2700000.0,DIFFERENT,5900000,2500000.0,39,401000,c) 1-30
675,LAIN-LAIN,3500000.0,SAME,9000000,2500000.0,50,520000,a) LANCAR
676,PEDAGANG,4500000.0,DIFFERENT,7000000,2500000.0,47,380000,a) LANCAR
677,LAIN-LAIN,2500000.0,DIFFERENT,12800000,3300000.0,35,613000,a) LANCAR
678,BURUH/PRT,2500000.0,SAME,11100000,1750000.0,45,462000,a) LANCAR
679,PEDAGANG,4500000.0,DIFFERENT,16600000,3300000.0,53,888000,c) 1-30
680,Wiraswasta,3000000.0,SAME,11400000,2500000.0,29,676000,a) LANCAR
681,Karyawan Swasta,4500000.0,DIFFERENT,7000000,,35,790000,a) LANCAR
682,PENGRAJIN TANGAN,2500000.0,DIFFERENT,18300000,,29,667000,a) LANCAR
683,GURU/PENDIDIKAN,3500000.0,SAME,13300000,2300000.0,37,977000,a) LANCAR
684,PETANI,4500000.0,DIFFERENT,12100000,3700000.0,42,729000,a) LANCAR
685,LAIN-LAIN,2500000.0,DIFFERENT,9500000,,26,507000,a) LANCAR
686,JASA,3500000.0,DIFFERENT,12700000,,31,1320000,d) 31-60
687,PEGAWAI SWASTA,4000000.0,DIFFERENT,8200000,2500000.0,44,401000,a) LANCAR
688,PEGAWAI SWASTA,4000000.0,DIFFERENT,7200000,2500000.0,44,428000,a) LANCAR
689,PEDAGANG,3000000.0,DIFFERENT,7800000,,35,481000,a) LANCAR
690,PETANI,3500000.0,DIFFERENT,7000000,,54,401000,a) LANCAR
691,PETANI,4500000.0,DIFFERENT,11700000,,34,613000,a) LANCAR
692,LAIN-LAIN,2500000.0,SAME,13400000,2000000.0,38,613000,a) LANCAR
693,LAIN-LAIN,2500000.0,SAME,9000000,3500000.0,36,422000,a) LANCAR
694,LAIN-LAIN,2500000.0,SAME,10300000,3500000.0,36,629000,a) LANCAR
695,LAIN-LAIN,2500000.0,SAME,12300000,2000000.0,38,729000,a) LANCAR
696,GURU/PENDIDIKAN,4800000.0,DIFFERENT,8100000,3100000.0,34,507000,d) 31-60
697,PETANI,3000000.0,DIFFERENT,12500000,2500000.0,43,676000,a) LANCAR
698,GURU/PENDIDIKAN,3700000.0,DIFFERENT,8600000,,31,507000,a) LANCAR
699,PETANI,3000000.0,DIFFERENT,4600000,,58,308000,a) LANCAR
700,LAIN-LAIN,3000000.0,DIFFERENT,8600000,2000000.0,52,534000,a) LANCAR
701,PEDAGANG,3500000.0,DIFFERENT,4600000,1500000.0,42,327000,d) 31-60
702,PETANI,2500000.0,DIFFERENT,15400000,,43,888000,a) LANCAR
703,PETANI,3500000.0,DIFFERENT,8500000,2500000.0,54,507000,a) LANCAR
704,LAIN-LAIN,2500000.0,DIFFERENT,4300000,2500000.0,30,301000,a) LANCAR
705,LAIN-LAIN,2500000.0,SAME,4800000,2500000.0,51,352000,c) 1-30
706,PETANI,3000000.0,DIFFERENT,5400000,,46,327000,a) LANCAR
707,PETANI,3000000.0,SAME,17700000,1000000.0,55,645000,a) LANCAR
708,LAIN-LAIN,3000000.0,DIFFERENT,24500000,,33,613000,a) LANCAR
709,PETANI,2500000.0,DIFFERENT,6700000,,32,401000,a) LANCAR
710,LAIN-LAIN,2000000.0,DIFFERENT,23500000,,26,1153000,a) LANCAR
711,LAIN-LAIN,2500000.0,DIFFERENT,9700000,,23,466000,a) LANCAR
712,PETANI,2000000.0,DIFFERENT,7000000,,21,535000,c) 1-30
713,LAIN-LAIN,2500000.0,DIFFERENT,13000000,,31,487000,a) LANCAR
714,PETANI,3000000.0,DIFFERENT,9200000,,45,353000,a) LANCAR
715,LAIN-LAIN,2500000.0,SAME,13500000,,31,487000,a) LANCAR
716,PEGAWAI SWASTA,3000000.0,DIFFERENT,14000000,2500000.0,25,651000,c) 1-30
717,LAIN-LAIN,2500000.0,DIFFERENT,7300000,,60,549000,d) 31-60
718,PETANI,2000000.0,DIFFERENT,12700000,,21,375000,a) LANCAR
719,LAIN-LAIN,2500000.0,DIFFERENT,11500000,250000.0,58,629000,a) LANCAR
720,PEDAGANG,4500000.0,DIFFERENT,19000000,3300000.0,53,888000,c) 1-30
721,PEDAGANG,3500000.0,DIFFERENT,17000000,2300000.0,44,888000,c) 1-30
722,PEGAWAI NEGERI/BUMN,3500000.0,DIFFERENT,11500000,,32,769000,c) 1-30
723,PEDAGANG,3500000.0,DIFFERENT,9700000,1000000.0,35,520000,a) LANCAR
724,LAIN-LAIN,2500000.0,DIFFERENT,9500000,,33,393000,a) LANCAR
725,PETANI,3000000.0,DIFFERENT,5600000,3700000.0,46,354000,a) LANCAR
726,LAIN-LAIN,2500000.0,DIFFERENT,7300000,,23,761000,d) 31-60
727,PEDAGANG,3500000.0,DIFFERENT,16300000,1000000.0,50,475000,a) LANCAR
728,LAIN-LAIN,4000000.0,DIFFERENT,10800000,1000000.0,35,657000,e) 61-90
729,LAIN-LAIN,2000000.0,DIFFERENT,5000000,,43,335000,a) LANCAR
730,LAIN-LAIN,3500000.0,DIFFERENT,8200000,2500000.0,44,613000,a) LANCAR
731,LAIN-LAIN,2500000.0,DIFFERENT,12400000,1500000.0,59,1095000,a) LANCAR
732,LAIN-LAIN,2000000.0,DIFFERENT,9300000,3000000.0,43,393000,a) LANCAR
733,LAIN-LAIN,2500000.0,DIFFERENT,13500000,,34,411000,a) LANCAR
734,PETANI,2500000.0,DIFFERENT,12500000,,23,629000,a) LANCAR
735,PEDAGANG,3500000.0,SAME,11500000,,52,411000,a) LANCAR
736,PEDAGANG,2500000.0,DIFFERENT,6200000,2500000.0,27,362000,a) LANCAR
737,Wiraswasta,2500000.0,DIFFERENT,10000000,1500000.0,51,560000,e) 61-90
738,PETANI,3500000.0,SAME,4700000,2500000.0,53,327000,a) LANCAR
739,PETANI,2000000.0,DIFFERENT,15600000,,56,856000,a) LANCAR
740,PEDAGANG,2000000.0,DIFFERENT,13100000,2500000.0,45,613000,a) LANCAR
741,LAIN-LAIN,3500000.0,DIFFERENT,9000000,2000000.0,40,507000,c) 1-30
742,PETANI,3000000.0,DIFFERENT,11500000,1500000.0,31,574000,a) LANCAR
743,Wiraswasta,2750000.0,SAME,11500000,4000000.0,56,676000,d) 31-60
744,PEDAGANG,3000000.0,DIFFERENT,12000000,,53,525000,a) LANCAR
745,PEDAGANG,2500000.0,DIFFERENT,12500000,1500000.0,24,629000,a) LANCAR
746,PEDAGANG,2500000.0,DIFFERENT,12700000,,59,533000,a) LANCAR
747,GURU/PENDIDIKAN,2500000.0,SAME,4500000,2000000.0,39,567000,a) LANCAR
748,JASA,2000000.0,DIFFERENT,6000000,1500000.0,27,311000,c) 1-30
749,PEGAWAI SWASTA,2000000.0,DIFFERENT,7000000,,23,411000,a) LANCAR
750,PEDAGANG,4000000.0,SAME,10300000,,33,525000,c) 1-30
751,LAIN-LAIN,2000000.0,DIFFERENT,5300000,,26,567000,a) LANCAR
752,LAIN-LAIN,2750000.0,DIFFERENT,5600000,,49,301000,a) LANCAR
753,PETERNAK,3500000.0,DIFFERENT,11500000,1000000.0,39,809000,a) LANCAR
754,SOPIR/PENGEMUDI,3500000.0,DIFFERENT,10500000,,36,498000,a) LANCAR
755,PEDAGANG,3500000.0,DIFFERENT,19500000,,36,533000,a) LANCAR
756,PETANI,2500000.0,DIFFERENT,11000000,1500000.0,33,533000,a) LANCAR
757,PETANI,2500000.0,DIFFERENT,11000000,3000000.0,50,507000,a) LANCAR
758,PEDAGANG,3500000.0,DIFFERENT,16400000,1500000.0,45,574000,a) LANCAR
759,PETANI,3500000.0,DIFFERENT,13500000,2000000.0,49,729000,a) LANCAR
760,PEGAWAI SWASTA,2500000.0,DIFFERENT,12700000,1500000.0,25,520000,a) LANCAR
761,LAIN-LAIN,2000000.0,DIFFERENT,6900000,,32,697000,a) LANCAR
762,PETANI,2000000.0,DIFFERENT,13500000,,32,475000,a) LANCAR
763,LAIN-LAIN,2500000.0,DIFFERENT,11500000,2500000.0,54,1069000,a) LANCAR
764,PETANI,2000000.0,SAME,8600000,2500000.0,29,308000,a) LANCAR
765,PETANI,2500000.0,SAME,10000000,2000000.0,59,520000,a) LANCAR
766,PETANI,2000000.0,DIFFERENT,15700000,2500000.0,48,1095000,c) 1-30
767,PETANI,1500000.0,DIFFERENT,12500000,2000000.0,35,523000,a) LANCAR
768,PETANI,1500000.0,DIFFERENT,10500000,2500000.0,48,494000,c) 1-30
769,PETANI,2000000.0,DIFFERENT,11000000,,47,362000,a) LANCAR
770,PETANI,1900000.0,DIFFERENT,10000000,,30,466000,f) >90
771,LAIN-LAIN,2500000.0,DIFFERENT,9000000,3300000.0,35,507000,c) 1-30
772,PEGAWAI SWASTA,3700000.0,SAME,6000000,1500000.0,37,401000,c) 1-30
773,PETANI,2500000.0,SAME,6500000,1500000.0,40,411000,a) LANCAR
774,PEDAGANG,2500000.0,DIFFERENT,5300000,1300000.0,44,308000,a) LANCAR
775,Lain-lain,3700000.0,DIFFERENT,9000000,,44,382000,c) 1-30
776,LAIN-LAIN,2000000.0,SAME,5800000,,29,396000,a) LANCAR
777,PETANI,2500000.0,DIFFERENT,15000000,3500000.0,52,613000,c) 1-30
778,PEDAGANG,2500000.0,SAME,12100000,,37,308000,a) LANCAR
779,PETANI,2500000.0,DIFFERENT,10000000,3000000.0,34,422000,a) LANCAR
780,PETANI,2500000.0,DIFFERENT,9500000,,26,411000,a) LANCAR
781,PETANI,2500000.0,DIFFERENT,11700000,,49,629000,a) LANCAR
782,PETANI,2500000.0,DIFFERENT,10000000,,49,401000,a) LANCAR
783,PETANI,2000000.0,DIFFERENT,6200000,,23,308000,a) LANCAR
784,PETANI,2500000.0,SAME,6000000,2500000.0,46,502000,a) LANCAR
785,PETANI,1500000.0,DIFFERENT,10500000,2500000.0,31,308000,a) LANCAR
786,PETANI,3500000.0,DIFFERENT,12500000,2000000.0,51,693000,a) LANCAR
787,PEGAWAI SWASTA,2000000.0,DIFFERENT,10500000,1500000.0,42,466000,a) LANCAR
788,PEDAGANG,2000000.0,DIFFERENT,15000000,,54,482000,a) LANCAR
789,LAIN-LAIN,3000000.0,DIFFERENT,16800000,,28,729000,d) 31-60
790,PETANI,3500000.0,SAME,5600000,,51,301000,a) LANCAR
791,PEDAGANG,2000000.0,DIFFERENT,10000000,,38,393000,d) 31-60
792,PENSIUNAN/PURNAWIRAWAN,2500000.0,DIFFERENT,4500000,2000000.0,56,301000,a) LANCAR
793,Lain-lain,1500000.0,SAME,4500000,1300000.0,56,567000,a) LANCAR
794,BURUH/PRT,2000000.0,DIFFERENT,5300000,,45,335000,a) LANCAR
795,PEGAWAI NEGERI/BUMN,2700000.0,DIFFERENT,5300000,3400000.0,42,327000,c) 1-30
796,PEDAGANG,2000000.0,DIFFERENT,7400000,2500000.0,41,515000,a) LANCAR
797,PETERNAK,3500000.0,SAME,10200000,,49,613000,a) LANCAR
798,Wiraswasta,2000000.0,DIFFERENT,5900000,2400000.0,47,354000,a) LANCAR
799,PETANI,2500000.0,DIFFERENT,10000000,2500000.0,43,629000,a) LANCAR
800,PEGAWAI SWASTA,2000000.0,DIFFERENT,7000000,,36,411000,a) LANCAR
801,PETANI,4000000.0,DIFFERENT,5400000,3000000.0,45,401000,a) LANCAR
802,PETANI,3500000.0,DIFFERENT,12700000,3500000.0,48,507000,a) LANCAR
803,PEGAWAI SWASTA,2500000.0,DIFFERENT,7500000,2000000.0,33,502000,a) LANCAR
804,Lain-lain,3000000.0,DIFFERENT,9000000,1000000.0,35,303000,a) LANCAR
805,SOPIR/PENGEMUDI,3800000.0,SAME,9000000,2400000.0,38,480000,a) LANCAR
806,PEDAGANG,3500000.0,DIFFERENT,10000000,,31,560000,a) LANCAR
807,LAIN-LAIN,2500000.0,DIFFERENT,5900000,,40,354000,a) LANCAR
808,PEDAGANG,4000000.0,SAME,7900000,2500000.0,35,502000,a) LANCAR
809,LAIN-LAIN,2500000.0,DIFFERENT,7400000,3000000.0,37,382000,a) LANCAR
810,PEGAWAI SWASTA,4000000.0,DIFFERENT,13300000,2500000.0,44,509000,a) LANCAR
811,LAIN-LAIN,4000000.0,DIFFERENT,12700000,1200000.0,43,509000,a) LANCAR
812,PETANI,3700000.0,DIFFERENT,5300000,2000000.0,36,332000,a) LANCAR
813,PETANI,2000000.0,DIFFERENT,5400000,2500000.0,38,335000,a) LANCAR
814,PEGAWAI SWASTA,1500000.0,DIFFERENT,5300000,2500000.0,40,599000,a) LANCAR
815,JASA,2000000.0,DIFFERENT,15600000,1500000.0,27,624000,c) 1-30
816,PETANI,2000000.0,DIFFERENT,10500000,2500000.0,43,1095000,c) 1-30
817,PEGAWAI SWASTA,4000000.0,DIFFERENT,7000000,2000000.0,28,533000,c) 1-30
818,PEGAWAI SWASTA,1500000.0,DIFFERENT,12500000,,22,840000,c) 1-30
819,PEGAWAI SWASTA,4000000.0,SAME,20000000,2500000.0,52,1485000,a) LANCAR
820,Wiraswasta,3500000.0,DIFFERENT,4700000,2500000.0,47,301000,a) LANCAR
821,Karyawan Swasta,4500000.0,DIFFERENT,5900000,,35,613000,a) LANCAR
822,PEDAGANG,3500000.0,SAME,8200000,3000000.0,45,516000,a) LANCAR
823,PEDAGANG,2500000.0,DIFFERENT,4200000,1500000.0,47,311000,a) LANCAR
824,PETANI,3500000.0,DIFFERENT,8000000,2500000.0,34,520000,a) LANCAR
825,PETANI,3800000.0,SAME,7700000,2300000.0,47,560000,a) LANCAR
826,PETANI,3800000.0,SAME,10500000,2300000.0,47,560000,a) LANCAR
827,PETANI,2000000.0,DIFFERENT,7900000,2500000.0,53,393000,a) LANCAR
828,LAIN-LAIN,3500000.0,DIFFERENT,8700000,,52,422000,a) LANCAR
829,PETANI,2500000.0,DIFFERENT,8600000,,53,308000,a) LANCAR
830,PEGAWAI SWASTA,2000000.0,DIFFERENT,7800000,3000000.0,25,574000,a) LANCAR
831,PETANI,2000000.0,DIFFERENT,10500000,2000000.0,48,624000,a) LANCAR
832,IBU RUMAH TANGGA,2500000.0,DIFFERENT,8200000,,56,441000,a) LANCAR
833,PEDAGANG,2000000.0,DIFFERENT,6200000,,33,372000,a) LANCAR
834,PEDAGANG,2000000.0,DIFFERENT,9500000,2000000.0,35,520000,a) LANCAR
835,PEGAWAI SWASTA,2000000.0,SAME,6000000,2500000.0,43,569000,a) LANCAR
836,JASA,1200000.0,DIFFERENT,9000000,,25,312000,c) 1-30
837,PETERNAK,2000000.0,DIFFERENT,8000000,,40,510000,c) 1-30
838,PEGAWAI SWASTA,1500000.0,SAME,9000000,,22,629000,a) LANCAR
839,PEGAWAI SWASTA,2400000.0,SAME,7000000,1800000.0,41,507000,a) LANCAR
840,PEGAWAI SWASTA,1000000.0,DIFFERENT,9500000,,26,308000,a) LANCAR
841,PETANI,4000000.0,DIFFERENT,11600000,1800000.0,51,507000,a) LANCAR
842,PEGAWAI SWASTA,1500000.0,DIFFERENT,4200000,,22,335000,a) LANCAR
843,PEDAGANG,2000000.0,DIFFERENT,6100000,3000000.0,30,628000,a) LANCAR
844,PEGAWAI SWASTA,2000000.0,DIFFERENT,7700000,,33,520000,a) LANCAR
845,PEDAGANG,3000000.0,SAME,7800000,3500000.0,48,525000,a) LANCAR
846,PEDAGANG,2000000.0,DIFFERENT,9500000,3500000.0,45,475000,a) LANCAR
847,Karyawan Swasta,1500000.0,DIFFERENT,6000000,,41,454000,d) 31-60
848,PEDAGANG,1700000.0,DIFFERENT,3400000,1500000.0,25,533000,a) LANCAR
849,PEGAWAI SWASTA,2000000.0,DIFFERENT,7000000,,42,416000,a) LANCAR
850,PEGAWAI SWASTA,1500000.0,DIFFERENT,9800000,,23,525000,a) LANCAR
851,BURUH/PRT,2000000.0,DIFFERENT,8000000,,60,434000,a) LANCAR
852,PEGAWAI SWASTA,1900000.0,DIFFERENT,8200000,,42,519000,a) LANCAR
853,PETANI,3500000.0,DIFFERENT,6000000,,30,312000,a) LANCAR
854,PEGAWAI SWASTA,2000000.0,DIFFERENT,6100000,3000000.0,31,384000,a) LANCAR
855,LAIN-LAIN,3000000.0,DIFFERENT,17100000,2500000.0,31,1043000,a) LANCAR
856,LAIN-LAIN,3500000.0,DIFFERENT,7200000,2500000.0,34,301000,a) LANCAR
857,PEGAWAI SWASTA,2000000.0,DIFFERENT,11800000,,22,605000,a) LANCAR
858,LAIN-LAIN,3000000.0,DIFFERENT,10500000,2600000.0,25,769000,a) LANCAR
859,PEDAGANG,4500000.0,DIFFERENT,4500000,1750000.0,54,354000,a) LANCAR
860,PETANI,2500000.0,SAME,6100000,,59,301000,a) LANCAR
861,PETANI,2000000.0,DIFFERENT,8600000,,26,301000,a) LANCAR
862,PETANI,1900000.0,SAME,11600000,3000000.0,48,395000,a) LANCAR
863,LAIN-LAIN,2500000.0,SAME,7900000,3000000.0,59,613000,c) 1-30
864,PETANI,3500000.0,SAME,4200000,4300000.0,52,343000,a) LANCAR
865,LAIN-LAIN,2500000.0,SAME,5100000,2800000.0,59,412000,a) LANCAR
866,PEGAWAI SWASTA,3000000.0,DIFFERENT,7000000,1200000.0,28,393000,a) LANCAR
867,PEDAGANG,2000000.0,DIFFERENT,6200000,,28,411000,a) LANCAR
868,PETANI,3000000.0,DIFFERENT,16000000,2500000.0,40,714000,a) LANCAR
869,PETERNAK,3500000.0,DIFFERENT,9900000,,23,999000,a) LANCAR
870,GURU/PENDIDIKAN,3500000.0,DIFFERENT,10500000,,41,1069000,a) LANCAR
871,PEDAGANG,2500000.0,DIFFERENT,6200000,,37,466000,a) LANCAR
872,LAIN-LAIN,2800000.0,DIFFERENT,7600000,2400000.0,36,435000,c) 1-30
873,PEDAGANG,2000000.0,DIFFERENT,9000000,,46,434000,c) 1-30
874,PEDAGANG,2500000.0,DIFFERENT,9000000,2500000.0,56,362000,a) LANCAR
875,PEDAGANG,3500000.0,DIFFERENT,7000000,3000000.0,36,441000,a) LANCAR
876,BURUH/PRT,3500000.0,DIFFERENT,7800000,2500000.0,30,353000,c) 1-30
877,PEGAWAI SWASTA,3500000.0,DIFFERENT,4500000,2500000.0,40,308000,a) LANCAR
878,JASA,3500000.0,DIFFERENT,5100000,3500000.0,34,312000,c) 1-30
879,PEGAWAI SWASTA,3500000.0,DIFFERENT,8200000,3500000.0,39,422000,a) LANCAR
880,PEGAWAI SWASTA,3500000.0,DIFFERENT,4000000,2500000.0,30,330000,a) LANCAR
881,PEGAWAI SWASTA,3500000.0,DIFFERENT,15000000,,22,411000,a) LANCAR
882,JASA,3500000.0,DIFFERENT,14600000,,39,613000,a) LANCAR
883,PETANI,3000000.0,DIFFERENT,3700000,2500000.0,47,322000,a) LANCAR
884,PEGAWAI SWASTA,3500000.0,DIFFERENT,7800000,,26,904000,a) LANCAR
885,PEGAWAI SWASTA,3500000.0,DIFFERENT,5800000,,28,406000,a) LANCAR
886,PEDAGANG,3500000.0,DIFFERENT,7800000,2500000.0,34,480000,a) LANCAR
887,PEGAWAI SWASTA,2500000.0,DIFFERENT,5600000,2500000.0,31,308000,a) LANCAR
888,PETANI,3500000.0,DIFFERENT,6800000,2500000.0,37,416000,a) LANCAR
889,PEGAWAI SWASTA,2500000.0,DIFFERENT,8200000,,40,308000,a) LANCAR
890,BURUH/PRT,2500000.0,DIFFERENT,7400000,,25,535000,a) LANCAR
891,PENGRAJIN TANGAN,3500000.0,DIFFERENT,10400000,3500000.0,33,657000,a) LANCAR
892,PETANI,3500000.0,DIFFERENT,8600000,2500000.0,26,308000,a) LANCAR
893,PEDAGANG,2500000.0,DIFFERENT,5000000,2500000.0,35,308000,a) LANCAR
894,PETANI,3500000.0,DIFFERENT,9900000,3500000.0,37,629000,a) LANCAR
895,SOPIR/PENGEMUDI,3500000.0,SAME,11700000,2500000.0,26,347000,a) LANCAR
896,PEDAGANG,3500000.0,SAME,9800000,3500000.0,52,629000,a) LANCAR
897,PETANI,3000000.0,DIFFERENT,8900000,3000000.0,54,507000,a) LANCAR
898,PEGAWAI SWASTA,2500000.0,DIFFERENT,6300000,2500000.0,35,341000,a) LANCAR
899,PEGAWAI SWASTA,3500000.0,DIFFERENT,6700000,1500000.0,32,373000,a) LANCAR
900,JASA,3500000.0,DIFFERENT,7800000,3500000.0,46,466000,a) LANCAR
901,PEGAWAI SWASTA,4500000.0,DIFFERENT,10400000,,37,388000,a) LANCAR
902,PEDAGANG,3500000.0,DIFFERENT,6500000,2500000.0,43,411000,c) 1-30
903,PEDAGANG,3500000.0,DIFFERENT,6800000,,26,353000,a) LANCAR
904,PEDAGANG,4500000.0,DIFFERENT,12500000,,31,1390000,a) LANCAR
905,PETERNAK,2500000.0,DIFFERENT,3600000,3500000.0,53,375000,a) LANCAR
906,JASA,4000000.0,DIFFERENT,4300000,2000000.0,35,354000,a) LANCAR
907,PEDAGANG,3500000.0,DIFFERENT,11200000,2500000.0,51,629000,a) LANCAR
908,PEGAWAI SWASTA,3500000.0,DIFFERENT,3500000,2500000.0,39,384000,a) LANCAR
909,PEGAWAI SWASTA,3500000.0,DIFFERENT,6500000,2500000.0,27,454000,a) LANCAR
910,BURUH/PRT,3500000.0,SAME,7900000,2500000.0,31,629000,a) LANCAR
911,PETERNAK,4500000.0,SAME,14700000,,23,1069000,a) LANCAR
912,SOPIR/PENGEMUDI,2500000.0,DIFFERENT,11800000,2500000.0,29,362000,a) LANCAR
913,PEGAWAI SWASTA,2500000.0,DIFFERENT,4500000,,27,308000,a) LANCAR
914,JASA,3000000.0,DIFFERENT,7600000,2500000.0,42,354000,a) LANCAR
915,PEDAGANG,3000000.0,DIFFERENT,14200000,3500000.0,40,502000,a) LANCAR
916,PETERNAK,2500000.0,DIFFERENT,6000000,3500000.0,47,454000,a) LANCAR
917,BURUH/PRT,2500000.0,DIFFERENT,7900000,3500000.0,36,416000,a) LANCAR
918,PETERNAK,3500000.0,DIFFERENT,11600000,,25,629000,a) LANCAR
919,PEDAGANG,3500000.0,DIFFERENT,7800000,2500000.0,30,904000,a) LANCAR
920,JASA,4500000.0,DIFFERENT,11700000,2500000.0,27,375000,a) LANCAR
921,GURU/PENDIDIKAN,3500000.0,DIFFERENT,10900000,2500000.0,33,520000,a) LANCAR
922,JASA,3500000.0,DIFFERENT,12100000,3000000.0,26,502000,a) LANCAR
923,PEDAGANG,3000000.0,DIFFERENT,12300000,4500000.0,42,475000,a) LANCAR
924,BURUH/PRT,2500000.0,DIFFERENT,10700000,1500000.0,50,401000,a) LANCAR
925,PEGAWAI SWASTA,2500000.0,DIFFERENT,6000000,2500000.0,26,583000,a) LANCAR
926,SOPIR/PENGEMUDI,2500000.0,SAME,4300000,2500000.0,31,362000,a) LANCAR
927,PETANI,3500000.0,DIFFERENT,6300000,2500000.0,41,353000,a) LANCAR
928,PETERNAK,2500000.0,DIFFERENT,5000000,2500000.0,30,515000,a) LANCAR
929,PEDAGANG,3500000.0,DIFFERENT,6300000,1500000.0,53,454000,a) LANCAR
930,PEGAWAI SWASTA,2500000.0,DIFFERENT,7300000,2000000.0,27,411000,a) LANCAR
931,SOPIR/PENGEMUDI,2500000.0,DIFFERENT,5000000,,28,384000,a) LANCAR
932,BURUH/PRT,2500000.0,DIFFERENT,8500000,,22,308000,a) LANCAR
933,PETERNAK,3500000.0,DIFFERENT,15200000,2500000.0,53,507000,a) LANCAR
934,SOPIR/PENGEMUDI,2500000.0,SAME,10300000,1500000.0,51,308000,a) LANCAR
935,PEDAGANG,2500000.0,DIFFERENT,6200000,2500000.0,37,312000,a) LANCAR
936,PEDAGANG,3500000.0,DIFFERENT,13900000,2000000.0,34,613000,d) 31-60
937,PETANI,3500000.0,DIFFERENT,14000000,3500000.0,49,629000,a) LANCAR
938,LAIN-LAIN,2500000.0,SAME,5000000,1000000.0,36,362000,a) LANCAR
939,PETANI,2500000.0,DIFFERENT,8600000,2500000.0,49,353000,a) LANCAR
940,JASA,2500000.0,DIFFERENT,6900000,2500000.0,29,493000,a) LANCAR
941,PEDAGANG,2500000.0,DIFFERENT,7400000,1500000.0,38,520000,a) LANCAR
942,PEDAGANG,3500000.0,DIFFERENT,8200000,3000000.0,35,976000,a) LANCAR
943,PETANI,2500000.0,SAME,4500000,2500000.0,51,354000,a) LANCAR
944,PEGAWAI SWASTA,2500000.0,SAME,4500000,2500000.0,37,362000,a) LANCAR
945,PEDAGANG,2500000.0,DIFFERENT,7900000,,45,434000,a) LANCAR
946,GURU/PENDIDIKAN,2500000.0,SAME,11000000,3000000.0,37,475000,c) 1-30
947,PEDAGANG,2500000.0,DIFFERENT,5400000,2000000.0,36,335000,e) 61-90
948,BURUH/PRT,2500000.0,DIFFERENT,14200000,2500000.0,45,482000,a) LANCAR
949,PEDAGANG,2500000.0,DIFFERENT,5200000,2000000.0,34,308000,a) LANCAR
950,PEDAGANG,2500000.0,DIFFERENT,6900000,3500000.0,47,515000,a) LANCAR
951,BURUH/PRT,2500000.0,DIFFERENT,4500000,1500000.0,35,362000,a) LANCAR
952,APARATUR PEMERINTAH,4000000.0,SAME,8600000,1500000.0,54,613000,a) LANCAR
953,PETERNAK,2500000.0,DIFFERENT,4600000,2000000.0,31,308000,a) LANCAR
954,LAIN-LAIN,3500000.0,DIFFERENT,9000000,1000000.0,36,651000,a) LANCAR
955,PEDAGANG,2500000.0,SAME,4000000,1000000.0,40,308000,a) LANCAR
956,PETANI,3500000.0,DIFFERENT,10700000,2500000.0,33,411000,a) LANCAR
957,PETANI,3500000.0,DIFFERENT,7300000,150000.0,46,349000,a) LANCAR
958,PEGAWAI SWASTA,3500000.0,SAME,9000000,3500000.0,37,507000,a) LANCAR
959,JASA,3500000.0,DIFFERENT,13500000,3000000.0,26,502000,a) LANCAR
960,PENGRAJIN TANGAN,3500000.0,DIFFERENT,13500000,,22,533000,a) LANCAR
961,LAIN-LAIN,3500000.0,DIFFERENT,7400000,2000000.0,36,362000,a) LANCAR
962,PEDAGANG,3500000.0,DIFFERENT,11500000,2500000.0,39,475000,a) LANCAR
963,PEDAGANG,3500000.0,DIFFERENT,7700000,1500000.0,53,515000,a) LANCAR
964,PEDAGANG,3500000.0,DIFFERENT,11500000,2500000.0,46,533000,a) LANCAR
965,BURUH/PRT,2500000.0,DIFFERENT,5400000,1500000.0,50,335000,a) LANCAR
966,PEDAGANG,3500000.0,SAME,12500000,,26,533000,a) LANCAR
967,PETANI,3500000.0,DIFFERENT,10100000,2500000.0,43,999000,a) LANCAR
968,PEDAGANG,2500000.0,DIFFERENT,6800000,1500000.0,44,311000,c) 1-30
969,PENGRAJIN TANGAN,2500000.0,DIFFERENT,9000000,1500000.0,50,311000,a) LANCAR
970,PEDAGANG,3000000.0,DIFFERENT,8100000,1500000.0,47,353000,a) LANCAR
971,PETANI,2500000.0,SAME,5400000,2500000.0,51,343000,a) LANCAR
972,Wiraswasta,2000000.0,DIFFERENT,4500000,1500000.0,50,301000,a) LANCAR
973,JASA,4000000.0,DIFFERENT,6200000,1000000.0,43,354000,a) LANCAR
974,JASA,2500000.0,DIFFERENT,5300000,2000000.0,32,308000,a) LANCAR
975,PENGRAJIN TANGAN,3500000.0,SAME,9000000,,31,332000,a) LANCAR
976,JASA,5500000.0,DIFFERENT,8500000,,42,609000,c) 1-30
977,PEGAWAI SWASTA,3500000.0,DIFFERENT,13000000,2000000.0,41,533000,a) LANCAR
978,BURUH/PRT,3500000.0,DIFFERENT,13900000,1500000.0,38,411000,a) LANCAR
979,PEDAGANG,2500000.0,DIFFERENT,5900000,,24,362000,a) LANCAR
980,PEDAGANG,3500000.0,DIFFERENT,11500000,2500000.0,30,434000,c) 1-30
981,PENGRAJIN TANGAN,4000000.0,DIFFERENT,7900000,1500000.0,30,454000,d) 31-60
982,PEGAWAI SWASTA,3000000.0,DIFFERENT,6400000,1500000.0,42,520000,a) LANCAR
983,PEDAGANG,3500000.0,DIFFERENT,9000000,1500000.0,45,507000,a) LANCAR
984,GURU/PENDIDIKAN,3500000.0,DIFFERENT,19500000,2500000.0,29,411000,a) LANCAR
985,PEDAGANG,2500000.0,DIFFERENT,11500000,2500000.0,46,629000,c) 1-30
986,PEDAGANG,2500000.0,DIFFERENT,6700000,2500000.0,45,411000,d) 31-60
987,PENGRAJIN TANGAN,3500000.0,DIFFERENT,5800000,2000000.0,59,444000,a) LANCAR
988,JASA,4500000.0,SAME,15700000,4000000.0,45,835000,a) LANCAR
989,PEDAGANG,2500000.0,DIFFERENT,4600000,1500000.0,42,308000,a) LANCAR
990,PRODUKSI,3500000.0,DIFFERENT,9500000,1500000.0,49,507000,a) LANCAR
991,PEGAWAI SWASTA,2500000.0,DIFFERENT,10000000,3500000.0,29,441000,a) LANCAR
992,PETERNAK,2000000.0,DIFFERENT,11500000,1500000.0,34,507000,e) 61-90
993,PEDAGANG,3500000.0,SAME,11500000,1500000.0,44,788000,a) LANCAR
994,PEDAGANG,2500000.0,DIFFERENT,4600000,2500000.0,60,375000,c) 1-30
995,PEDAGANG,3500000.0,DIFFERENT,10000000,2500000.0,41,422000,a) LANCAR
996,PEDAGANG,2500000.0,DIFFERENT,4500000,,51,308000,a) LANCAR
997,PEDAGANG,4000000.0,DIFFERENT,13000000,,40,629000,a) LANCAR
998,PEGAWAI SWASTA,6500000.0,DIFFERENT,7800000,2500000.0,37,389000,a) LANCAR
999,SOPIR/PENGEMUDI,3500000.0,DIFFERENT,14000000,1500000.0,52,308000,a) LANCAR
1000,SOPIR/PENGEMUDI,3500000.0,DIFFERENT,9000000,2500000.0,34,411000,a) LANCAR
1001,PEGAWAI SWASTA,3500000.0,DIFFERENT,13800000,,52,466000,c) 1-30
1002,PEGAWAI SWASTA,2500000.0,DIFFERENT,9800000,,24,308000,d) 31-60
1003,PEDAGANG,3000000.0,DIFFERENT,5300000,500000.0,35,301000,a) LANCAR
1004,PEGAWAI SWASTA,3500000.0,DIFFERENT,9000000,2500000.0,30,466000,a) LANCAR
1005,PETANI,3500000.0,DIFFERENT,15700000,5000000.0,59,769000,e) 61-90
1006,PETANI,3000000.0,DIFFERENT,5400000,2000000.0,54,301000,a) LANCAR
1007,PEDAGANG,3500000.0,SAME,13300000,2500000.0,49,629000,a) LANCAR
1008,PEDAGANG,2500000.0,DIFFERENT,9000000,2500000.0,27,349000,a) LANCAR
1009,PEGAWAI NEGERI/BUMN,4500000.0,SAME,9000000,2500000.0,54,411000,a) LANCAR
1010,PEDAGANG,3500000.0,SAME,10100000,2500000.0,47,629000,a) LANCAR
1011,PETANI,2500000.0,DIFFERENT,4300000,2500000.0,52,308000,a) LANCAR
1012,PETANI,3500000.0,DIFFERENT,12100000,2000000.0,49,475000,a) LANCAR
1013,PRODUKSI,3500000.0,DIFFERENT,8600000,,32,466000,a) LANCAR
1014,PEDAGANG,3500000.0,DIFFERENT,8500000,2500000.0,33,349000,a) LANCAR
1015,PEDAGANG,2500000.0,DIFFERENT,5400000,2500000.0,25,335000,a) LANCAR
1016,PEDAGANG,3500000.0,SAME,5900000,1500000.0,34,362000,a) LANCAR
1017,PEDAGANG,3500000.0,SAME,16400000,3500000.0,58,629000,a) LANCAR
1018,PEDAGANG,2500000.0,DIFFERENT,5300000,2500000.0,26,335000,a) LANCAR
1019,JASA,3500000.0,DIFFERENT,8500000,2500000.0,42,466000,a) LANCAR
1020,PETERNAK,3500000.0,SAME,10500000,2500000.0,44,1069000,c) 1-30
1021,PEDAGANG,2500000.0,DIFFERENT,9700000,,36,466000,a) LANCAR
1022,PEGAWAI SWASTA,3500000.0,DIFFERENT,10000000,3500000.0,29,719000,c) 1-30
1023,PEDAGANG,5500000.0,SAME,10500000,3500000.0,38,629000,a) LANCAR
1024,PEDAGANG,3500000.0,DIFFERENT,6200000,1500000.0,35,452000,a) LANCAR
1025,PEDAGANG,2500000.0,DIFFERENT,4500000,,36,384000,c) 1-30
1026,PEDAGANG,3500000.0,DIFFERENT,6900000,2500000.0,35,515000,a) LANCAR
1027,JASA,2500000.0,DIFFERENT,8500000,,40,498000,a) LANCAR
1028,PETANI,3500000.0,DIFFERENT,7800000,1500000.0,45,335000,a) LANCAR
1029,PEDAGANG,3500000.0,DIFFERENT,4200000,2500000.0,55,308000,d) 31-60
1030,PETANI,3500000.0,DIFFERENT,3600000,2500000.0,50,308000,a) LANCAR
1031,LAIN-LAIN,2500000.0,DIFFERENT,8200000,1500000.0,59,422000,a) LANCAR
1032,PEDAGANG,2500000.0,DIFFERENT,3700000,2500000.0,48,308000,a) LANCAR
1033,PEDAGANG,2500000.0,DIFFERENT,3600000,2500000.0,58,308000,a) LANCAR
1034,PEDAGANG,3500000.0,DIFFERENT,7700000,,43,366000,c) 1-30
1035,PEGAWAI SWASTA,4000000.0,DIFFERENT,3600000,,28,520000,a) LANCAR
1036,JASA,3500000.0,DIFFERENT,10500000,1500000.0,36,308000,a) LANCAR
1037,SOPIR/PENGEMUDI,3500000.0,DIFFERENT,6800000,2500000.0,35,411000,a) LANCAR
1038,PETANI,3500000.0,DIFFERENT,3500000,2500000.0,52,308000,a) LANCAR
1039,LAIN-LAIN,5000000.0,DIFFERENT,4400000,,24,357000,a) LANCAR
1040,PETANI,1500000.0,DIFFERENT,7600000,1500000.0,43,560000,a) LANCAR
1041,PEGAWAI SWASTA,2500000.0,DIFFERENT,7500000,2500000.0,40,390000,a) LANCAR
1042,PRODUKSI,3500000.0,DIFFERENT,9800000,2500000.0,53,475000,a) LANCAR
1043,PETANI,3500000.0,DIFFERENT,8100000,2500000.0,52,454000,a) LANCAR
1044,PEGAWAI SWASTA,3500000.0,DIFFERENT,8600000,2500000.0,50,466000,a) LANCAR
1045,PEDAGANG,2500000.0,DIFFERENT,9900000,2500000.0,41,502000,a) LANCAR
1046,PEDAGANG,3500000.0,DIFFERENT,3800000,2500000.0,38,533000,a) LANCAR
1047,SOPIR/PENGEMUDI,2500000.0,SAME,4500000,700000.0,55,379000,a) LANCAR
1048,PEGAWAI SWASTA,3500000.0,DIFFERENT,6200000,2500000.0,44,714000,a) LANCAR
1049,PEGAWAI SWASTA,2500000.0,DIFFERENT,6200000,2500000.0,38,395000,a) LANCAR
1050,PETANI,3500000.0,DIFFERENT,5200000,1500000.0,58,308000,a) LANCAR
1051,PEGAWAI SWASTA,3500000.0,DIFFERENT,14400000,2500000.0,29,335000,a) LANCAR
1052,PEDAGANG,3500000.0,DIFFERENT,8500000,2500000.0,48,393000,a) LANCAR
1053,BURUH/PRT,3500000.0,DIFFERENT,6800000,,28,411000,a) LANCAR
1054,BURUH/PRT,3500000.0,DIFFERENT,3700000,2500000.0,40,330000,c) 1-30
1055,PEDAGANG,3500000.0,SAME,10000000,4000000.0,32,523000,a) LANCAR
1056,PEGAWAI SWASTA,3500000.0,DIFFERENT,8100000,3500000.0,32,393000,a) LANCAR
1057,BURUH/PRT,3500000.0,DIFFERENT,7500000,2500000.0,25,395000,a) LANCAR
1058,PEGAWAI SWASTA,6500000.0,DIFFERENT,4000000,3000000.0,29,327000,a) LANCAR
1059,BURUH/PRT,4000000.0,SAME,5300000,,53,362000,a) LANCAR
1060,PEDAGANG,4000000.0,DIFFERENT,16800000,,25,725000,a) LANCAR
1061,PEGAWAI NEGERI/BUMN,4500000.0,DIFFERENT,6600000,,31,809000,a) LANCAR
1062,SEWA/RENT,4500000.0,DIFFERENT,17300000,2500000.0,27,1106000,a) LANCAR
1063,PEDAGANG,4000000.0,DIFFERENT,15800000,2500000.0,26,393000,a) LANCAR
1064,LAIN-LAIN,4000000.0,SAME,5600000,,25,697000,a) LANCAR
1065,PEGAWAI SWASTA,4000000.0,DIFFERENT,5200000,2000000.0,39,395000,a) LANCAR
1066,PETANI,4000000.0,SAME,9800000,2500000.0,43,588000,a) LANCAR
1067,PEDAGANG,4000000.0,DIFFERENT,7300000,2500000.0,31,520000,a) LANCAR
1068,BURUH/PRT,4000000.0,SAME,9000000,2500000.0,49,475000,a) LANCAR
1069,PEDAGANG,4000000.0,DIFFERENT,9400000,2500000.0,33,844000,c) 1-30
1070,BURUH/PRT,4000000.0,DIFFERENT,4300000,2500000.0,39,308000,a) LANCAR
1071,PEDAGANG,4000000.0,DIFFERENT,7600000,,25,441000,a) LANCAR
1072,LAIN-LAIN,4000000.0,SAME,8800000,2000000.0,48,650000,a) LANCAR
1073,SOPIR/PENGEMUDI,4000000.0,DIFFERENT,11900000,,24,651000,a) LANCAR
1074,BURUH/PRT,4000000.0,DIFFERENT,6300000,,52,466000,a) LANCAR
1075,PEGAWAI SWASTA,4000000.0,DIFFERENT,9000000,,22,714000,a) LANCAR
1076,PEGAWAI SWASTA,4000000.0,DIFFERENT,8100000,2500000.0,37,393000,a) LANCAR
1077,PETANI,4000000.0,SAME,4000000,1500000.0,57,308000,a) LANCAR
1078,JASA,8000000.0,SAME,13200000,,42,1485000,a) LANCAR
1079,PEDAGANG,4000000.0,SAME,9800000,2500000.0,34,349000,a) LANCAR
1080,GURU/PENDIDIKAN,4000000.0,SAME,10500000,,25,1342000,a) LANCAR
1081,IBU RUMAH TANGGA,4000000.0,DIFFERENT,5600000,,32,515000,c) 1-30
1082,BURUH/PRT,4000000.0,DIFFERENT,8400000,1000000.0,24,353000,c) 1-30
1083,PETANI,4000000.0,DIFFERENT,8600000,2500000.0,40,475000,c) 1-30
1084,PEDAGANG,4000000.0,DIFFERENT,6900000,,54,507000,a) LANCAR
1085,BURUH/PRT,4000000.0,DIFFERENT,8900000,,39,393000,c) 1-30
1086,Wiraswasta,4000000.0,DIFFERENT,6600000,0.0,40,502000,a) LANCAR
1087,PEGAWAI SWASTA,4000000.0,DIFFERENT,11700000,2000000.0,34,636000,a) LANCAR
1088,LAIN-LAIN,4500000.0,SAME,12100000,2000000.0,54,667000,a) LANCAR
1089,BURUH/PRT,4000000.0,DIFFERENT,5600000,,41,549000,a) LANCAR
1090,PEDAGANG,4000000.0,DIFFERENT,3400000,2000000.0,39,308000,a) LANCAR
1091,BURUH/PRT,4000000.0,DIFFERENT,5500000,,32,401000,a) LANCAR
1092,PEGAWAI SWASTA,4000000.0,DIFFERENT,9000000,2500000.0,52,462000,a) LANCAR
1093,PEDAGANG,4000000.0,DIFFERENT,15300000,,28,645000,a) LANCAR
1094,PEDAGANG,4000000.0,DIFFERENT,6000000,,48,349000,a) LANCAR
1095,PEDAGANG,4000000.0,SAME,4300000,2000000.0,33,362000,a) LANCAR
1096,PEDAGANG,4000000.0,SAME,10700000,2500000.0,40,748000,a) LANCAR
1097,PEGAWAI SWASTA,4000000.0,DIFFERENT,8200000,,38,393000,a) LANCAR
1098,PEDAGANG,4000000.0,DIFFERENT,6500000,2000000.0,31,373000,a) LANCAR
1099,JASA,3000000.0,DIFFERENT,6800000,2500000.0,37,904000,a) LANCAR
1100,PEDAGANG,4000000.0,DIFFERENT,9400000,,47,636000,a) LANCAR
1101,PETANI,4000000.0,DIFFERENT,9000000,2000000.0,54,441000,a) LANCAR
1102,PETANI,4000000.0,DIFFERENT,7700000,,58,393000,a) LANCAR
1103,PEDAGANG,4000000.0,DIFFERENT,6700000,,35,312000,a) LANCAR
1104,PEDAGANG,4000000.0,DIFFERENT,4400000,,28,362000,a) LANCAR
1105,BURUH/PRT,4000000.0,DIFFERENT,13200000,,29,393000,a) LANCAR
1106,PEDAGANG,4000000.0,DIFFERENT,9200000,2500000.0,37,475000,a) LANCAR
1107,BURUH/PRT,4000000.0,DIFFERENT,4300000,2500000.0,36,362000,a) LANCAR
1108,PEDAGANG,4000000.0,DIFFERENT,8200000,2500000.0,26,1047000,a) LANCAR
1109,BURUH/PRT,4000000.0,DIFFERENT,9000000,,46,475000,a) LANCAR
1110,PETANI,4000000.0,DIFFERENT,3700000,2000000.0,42,301000,a) LANCAR
1111,GURU/PENDIDIKAN,3500000.0,DIFFERENT,6700000,,41,697000,a) LANCAR
1112,PEGAWAI SWASTA,2000000.0,SAME,17600000,,22,933000,e) 61-90
1113,PEDAGANG,4500000.0,DIFFERENT,7600000,1600000.0,23,904000,c) 1-30
1114,PEDAGANG,3500000.0,DIFFERENT,4300000,2500000.0,41,362000,a) LANCAR
1115,BURUH/PRT,4000000.0,DIFFERENT,7200000,,40,353000,a) LANCAR
1116,PEDAGANG,4000000.0,DIFFERENT,12700000,,39,312000,a) LANCAR
1117,SOPIR/PENGEMUDI,4000000.0,DIFFERENT,8600000,,31,629000,c) 1-30
1118,PEDAGANG,4000000.0,DIFFERENT,5600000,1500000.0,26,515000,c) 1-30
1119,SOPIR/PENGEMUDI,4000000.0,DIFFERENT,13700000,,46,645000,a) LANCAR
1120,JASA,6500000.0,DIFFERENT,9800000,1500000.0,43,533000,a) LANCAR
1121,PEDAGANG,4000000.0,DIFFERENT,10200000,,29,564000,c) 1-30
1122,PETANI,4000000.0,DIFFERENT,4200000,2000000.0,38,341000,a) LANCAR
1123,PETANI,4000000.0,SAME,14300000,2000000.0,39,645000,a) LANCAR
1124,LAIN-LAIN,4000000.0,DIFFERENT,5200000,2000000.0,24,401000,a) LANCAR
1125,PETANI,2500000.0,DIFFERENT,5900000,2500000.0,31,454000,a) LANCAR
1126,BURUH/PRT,4000000.0,DIFFERENT,4400000,2000000.0,30,362000,a) LANCAR
1127,PEDAGANG,4000000.0,DIFFERENT,7700000,,32,434000,a) LANCAR
1128,PEDAGANG,4000000.0,DIFFERENT,9000000,2000000.0,44,475000,a) LANCAR
1129,PEGAWAI SWASTA,4000000.0,SAME,11800000,1500000.0,33,540000,a) LANCAR
1130,LAIN-LAIN,3500000.0,SAME,6100000,1500000.0,50,312000,a) LANCAR
1131,JASA,3000000.0,DIFFERENT,18900000,1500000.0,25,845000,a) LANCAR
1132,LAIN-LAIN,4000000.0,DIFFERENT,9000000,,45,393000,a) LANCAR
1133,LAIN-LAIN,3000000.0,DIFFERENT,9000000,1500000.0,30,560000,c) 1-30
1134,PEDAGANG,4000000.0,DIFFERENT,13900000,2000000.0,41,693000,a) LANCAR
1135,LAIN-LAIN,4000000.0,DIFFERENT,6500000,2000000.0,43,323000,a) LANCAR
1136,JASA,4000000.0,DIFFERENT,8100000,2000000.0,47,411000,a) LANCAR
1137,LAIN-LAIN,3500000.0,DIFFERENT,11000000,,52,629000,a) LANCAR
1138,LAIN-LAIN,3500000.0,SAME,11500000,,44,629000,a) LANCAR
1139,KESEHATAN,4000000.0,DIFFERENT,7800000,,45,481000,a) LANCAR
1140,PEDAGANG,5000000.0,DIFFERENT,6700000,1000000.0,29,439000,a) LANCAR
1141,LAIN-LAIN,4000000.0,DIFFERENT,11200000,1500000.0,53,693000,a) LANCAR
1142,LAIN-LAIN,3500000.0,SAME,10000000,,45,354000,c) 1-30
1143,BURUH/PRT,5500000.0,DIFFERENT,3800000,1000000.0,49,308000,a) LANCAR
1144,BURUH/PRT,4000000.0,DIFFERENT,8200000,2000000.0,36,393000,a) LANCAR
1145,JASA,3000000.0,DIFFERENT,4700000,1000000.0,49,301000,a) LANCAR
1146,LAIN-LAIN,3500000.0,SAME,7400000,1500000.0,40,343000,e) 61-90
1147,LAIN-LAIN,3500000.0,DIFFERENT,5300000,,47,332000,a) LANCAR
1148,LAIN-LAIN,3000000.0,DIFFERENT,10000000,2500000.0,51,520000,a) LANCAR
1149,LAIN-LAIN,3500000.0,DIFFERENT,5700000,,40,354000,a) LANCAR
1150,LAIN-LAIN,3500000.0,SAME,5700000,,42,354000,a) LANCAR
1151,LAIN-LAIN,3500000.0,SAME,6000000,2000000.0,37,697000,a) LANCAR
1152,LAIN-LAIN,3500000.0,SAME,10200000,,25,520000,a) LANCAR
1153,LAIN-LAIN,4000000.0,SAME,12400000,1500000.0,33,629000,a) LANCAR
1154,LAIN-LAIN,3500000.0,SAME,5300000,,49,656000,a) LANCAR
1155,PEDAGANG,3000000.0,DIFFERENT,5400000,,52,352000,e) 61-90
1156,JASA,3500000.0,DIFFERENT,10500000,,23,904000,a) LANCAR
1157,PEDAGANG,3500000.0,DIFFERENT,4700000,1500000.0,40,308000,a) LANCAR
1158,JASA,4500000.0,DIFFERENT,14000000,,43,564000,c) 1-30
1159,PETANI,4000000.0,DIFFERENT,11500000,1000000.0,47,462000,c) 1-30
1160,PEGAWAI SWASTA,3500000.0,DIFFERENT,4600000,,29,384000,c) 1-30
1161,LAIN-LAIN,5000000.0,DIFFERENT,9500000,1500000.0,48,540000,c) 1-30
1162,PEDAGANG,3500000.0,DIFFERENT,9000000,1500000.0,38,308000,a) LANCAR
1163,PETANI,4000000.0,DIFFERENT,12500000,1500000.0,56,613000,a) LANCAR
1164,PEDAGANG,4000000.0,DIFFERENT,9500000,,44,507000,a) LANCAR
1165,LAIN-LAIN,4000000.0,DIFFERENT,9000000,,26,883000,e) 61-90
1166,PEDAGANG,3000000.0,DIFFERENT,10500000,1500000.0,23,349000,a) LANCAR
1167,PEDAGANG,4000000.0,DIFFERENT,8900000,,25,353000,a) LANCAR
1168,PEDAGANG,4000000.0,DIFFERENT,9800000,,44,520000,a) LANCAR
1169,PETANI,4000000.0,SAME,5800000,1500000.0,41,406000,a) LANCAR
1170,JASA,4000000.0,DIFFERENT,15100000,1500000.0,39,349000,a) LANCAR
1171,PETANI,4000000.0,DIFFERENT,18000000,,25,1205000,a) LANCAR
1172,JASA,4000000.0,DIFFERENT,4700000,,29,308000,a) LANCAR
1173,PEGAWAI SWASTA,3500000.0,DIFFERENT,10200000,,27,308000,a) LANCAR
1174,PEDAGANG,4000000.0,DIFFERENT,12700000,,28,520000,a) LANCAR
1175,PETERNAK,4000000.0,DIFFERENT,7900000,,30,744000,a) LANCAR
1176,BURUH/PRT,4000000.0,DIFFERENT,4700000,,50,533000,a) LANCAR
1177,LAIN-LAIN,4000000.0,DIFFERENT,9500000,2000000.0,39,635000,a) LANCAR
1178,PEDAGANG,4000000.0,DIFFERENT,11200000,1500000.0,27,629000,a) LANCAR
1179,PETERNAK,4000000.0,DIFFERENT,10500000,,41,520000,c) 1-30
1180,PEDAGANG,4000000.0,DIFFERENT,6400000,,41,385000,c) 1-30
1181,SOPIR/PENGEMUDI,4000000.0,DIFFERENT,8200000,,40,466000,a) LANCAR
1182,PEGAWAI SWASTA,4000000.0,DIFFERENT,9000000,1000000.0,31,301000,a) LANCAR
1183,JASA,4000000.0,DIFFERENT,13500000,,46,564000,a) LANCAR
1184,PEDAGANG,4000000.0,SAME,8500000,,40,411000,a) LANCAR
1185,JASA,4000000.0,DIFFERENT,29000000,1500000.0,50,656000,a) LANCAR
1186,JASA,4000000.0,DIFFERENT,19000000,1500000.0,42,636000,a) LANCAR
1187,PETANI,4000000.0,DIFFERENT,17500000,,50,629000,a) LANCAR
1188,PEDAGANG,4000000.0,DIFFERENT,9000000,,45,393000,f) >90
1189,PEDAGANG,4000000.0,DIFFERENT,12000000,,26,613000,a) LANCAR
1190,PEGAWAI SWASTA,4000000.0,DIFFERENT,5900000,2000000.0,36,362000,a) LANCAR
1191,PETANI,4000000.0,DIFFERENT,9500000,2000000.0,27,583000,a) LANCAR
1192,PEDAGANG,4000000.0,DIFFERENT,12000000,1000000.0,30,475000,a) LANCAR
1193,BURUH/PRT,4000000.0,DIFFERENT,4500000,,24,308000,a) LANCAR
1194,PETERNAK,4000000.0,DIFFERENT,14200000,2000000.0,49,482000,a) LANCAR
1195,PEDAGANG,4000000.0,DIFFERENT,9800000,2000000.0,45,393000,a) LANCAR
1196,PEDAGANG,4000000.0,DIFFERENT,12000000,,42,475000,c) 1-30
1197,PEDAGANG,2500000.0,DIFFERENT,12000000,3000000.0,44,475000,c) 1-30
1198,PETANI,4000000.0,DIFFERENT,5000000,,58,335000,c) 1-30
1199,PEDAGANG,4000000.0,DIFFERENT,8000000,,27,362000,c) 1-30
1200,PETANI,3000000.0,SAME,9500000,1000000.0,49,301000,a) LANCAR
1201,APARATUR PEMERINTAH,4000000.0,DIFFERENT,8500000,,29,466000,d) 31-60
1202,PEGAWAI SWASTA,40000000.0,DIFFERENT,4600000,,22,308000,a) LANCAR
1203,PETERNAK,4000000.0,DIFFERENT,9500000,1500000.0,54,393000,a) LANCAR
1204,PEGAWAI SWASTA,4000000.0,DIFFERENT,6300000,,28,362000,a) LANCAR
1205,PEDAGANG,4000000.0,DIFFERENT,11500000,,37,634000,c) 1-30
1206,PEDAGANG,4000000.0,DIFFERENT,9500000,2000000.0,33,441000,a) LANCAR
1207,PEGAWAI SWASTA,4000000.0,DIFFERENT,9000000,2000000.0,24,411000,a) LANCAR
1208,PEGAWAI SWASTA,4000000.0,DIFFERENT,4800000,,30,308000,a) LANCAR
1209,PEGAWAI SWASTA,4000000.0,SAME,13500000,2000000.0,34,564000,a) LANCAR
1210,LAIN-LAIN,4000000.0,SAME,13500000,,44,883000,e) 61-90
1211,PEGAWAI SWASTA,4000000.0,DIFFERENT,8600000,,43,312000,a) LANCAR
1212,LAIN-LAIN,4000000.0,DIFFERENT,7700000,2000000.0,46,411000,e) 61-90
1213,LAIN-LAIN,4000000.0,DIFFERENT,12500000,2000000.0,40,635000,c) 1-30
1214,PRODUKSI,4000000.0,DIFFERENT,6200000,,38,330000,a) LANCAR
1215,PETANI,4000000.0,DIFFERENT,16700000,,59,748000,a) LANCAR
1216,LAIN-LAIN,4000000.0,DIFFERENT,7600000,,42,375000,c) 1-30
1217,PEGAWAI NEGERI/BUMN,4500000.0,DIFFERENT,10900000,,46,411000,a) LANCAR
1218,PEGAWAI SWASTA,4000000.0,DIFFERENT,8200000,2000000.0,50,411000,c) 1-30
1219,LAIN-LAIN,4000000.0,DIFFERENT,10000000,2000000.0,35,560000,a) LANCAR
1220,PETANI,4000000.0,SAME,9400000,2000000.0,46,613000,a) LANCAR
1221,DOKTER/BIDAN/MANTRI,4000000.0,DIFFERENT,11000000,0.0,40,574000,c) 1-30
1222,PEGAWAI SWASTA,4000000.0,DIFFERENT,6300000,2000000.0,31,324000,a) LANCAR
1223,PEGAWAI SWASTA,4000000.0,DIFFERENT,10000000,0.0,45,548000,a) LANCAR
1224,PEDAGANG,4000000.0,DIFFERENT,24200000,2000000.0,24,965000,a) LANCAR
1225,PEDAGANG,5000000.0,DIFFERENT,14200000,2000000.0,45,1110000,a) LANCAR
1226,JASA,4500000.0,DIFFERENT,7600000,,43,560000,a) LANCAR
1227,PEDAGANG,4000000.0,DIFFERENT,6300000,2000000.0,43,714000,a) LANCAR
1228,PETANI,4000000.0,DIFFERENT,7400000,,43,353000,a) LANCAR
1229,PEDAGANG,4000000.0,SAME,7600000,2000000.0,41,466000,a) LANCAR
1230,JASA,4000000.0,DIFFERENT,14700000,2000000.0,34,856000,a) LANCAR
1231,BURUH/PRT,4000000.0,DIFFERENT,9000000,2000000.0,46,434000,a) LANCAR
1232,PEDAGANG,4000000.0,DIFFERENT,8000000,,22,515000,a) LANCAR
1233,PEDAGANG,4000000.0,DIFFERENT,7800000,1000000.0,50,520000,a) LANCAR
1234,PETANI,4000000.0,DIFFERENT,8000000,1500000.0,54,349000,a) LANCAR
1235,PEGAWAI SWASTA,4000000.0,DIFFERENT,12100000,,28,835000,a) LANCAR
1236,PEDAGANG,4000000.0,DIFFERENT,9500000,,49,462000,a) LANCAR
1237,PEDAGANG,4000000.0,DIFFERENT,8100000,,35,520000,d) 31-60
1238,GURU/PENDIDIKAN,4000000.0,SAME,7400000,2000000.0,51,507000,a) LANCAR
1239,PEGAWAI SWASTA,4000000.0,DIFFERENT,7400000,2000000.0,27,382000,a) LANCAR
1240,PETANI,4000000.0,DIFFERENT,9400000,,45,629000,a) LANCAR
1241,PETANI,3000000.0,DIFFERENT,12700000,2000000.0,44,613000,a) LANCAR
1242,PEGAWAI SWASTA,4000000.0,DIFFERENT,10500000,,32,693000,d) 31-60
1243,JASA,4000000.0,DIFFERENT,3900000,,23,308000,a) LANCAR
1244,DOKTER/BIDAN/MANTRI,4000000.0,SAME,5300000,2000000.0,37,628000,a) LANCAR
1245,PEDAGANG,4000000.0,DIFFERENT,7000000,,30,418000,a) LANCAR
1246,PETANI,4000000.0,DIFFERENT,7700000,,27,393000,a) LANCAR
1247,PETANI,4000000.0,SAME,14500000,,41,428000,a) LANCAR
1248,LAIN-LAIN,4000000.0,DIFFERENT,3700000,2000000.0,48,301000,a) LANCAR
1249,LAIN-LAIN,4000000.0,SAME,5400000,,31,301000,a) LANCAR
1250,LAIN-LAIN,4000000.0,SAME,5200000,2000000.0,37,697000,a) LANCAR
1251,PRODUKSI,4000000.0,DIFFERENT,10500000,,24,629000,a) LANCAR
1252,PETANI,4000000.0,DIFFERENT,9800000,2000000.0,49,503000,a) LANCAR
1253,PEDAGANG,4000000.0,DIFFERENT,7300000,3000000.0,35,393000,a) LANCAR
1254,LAIN-LAIN,4000000.0,DIFFERENT,8700000,2000000.0,58,462000,a) LANCAR
1255,SOPIR/PENGEMUDI,,,11100000,1000000.0,41,737000,g) PJDP
1256,JASA,,,13000000,,25,1043000,g) PJDP
1257,PEGAWAI SWASTA,4500000.0,DIFFERENT,9800000,900000.0,27,788000,a) LANCAR
1258,JASA,4500000.0,DIFFERENT,13000000,,25,1043000,d) 31-60
1259,PEGAWAI SWASTA,4500000.0,DIFFERENT,9800000,900000.0,27,788000,a) LANCAR
